Financial_Year,Date_of_Fund_Release,State,District,Department,Scheme_Name,Fund_Source,Implementing_Agency,Sanctioned_Amount_Lakhs,Fund_Released_Lakhs,Fund_Utilized_Lakhs,Utilization_Percent,Physical_Target_Units,Physical_Achievement_Units,Physical_Achievement_Percent,Beneficiaries_Target,Beneficiaries_Covered,Beneficiary_Coverage_Percent,Status
2022-23,2021-08-25,West Bengal,Siliguri ,Ministry of Agriculture & Farmers Welfare,PM Kisan Samman Nidhi,Central Sector,Gram Panchayat,588.66,517.65,212.25,41.0,427,38.0,8.899297423887589,4138,344.0,8.313194780086999,Delayed
2021-22,2023-04-16,Tamil Nadu,Salem,Ministry of Agriculture & Farmers Welfare,Pradhan Mantri Fasal Bima Yojana,Central Sector,State Nodal Agency,88.56,44.61,27.25,61.08,367,104.0,28.337874659400548,4988,1373.0,27.52606255012029,Delayed
2023-24,2023-01-31,Kerala,Thiruvananthapuram,Ministry of Health & Family Welfare,National Health Mission,Centrally Sponsored (60:40),District Panchayat / Zilla Parishad,764.59,634.28,174.44,81.965,6,5.0,83.33333333333334,2151,1621.0,75.36029753602975,Delayed
2023-24,2024-08-29,West Bengal,Asansol,Ministry of Education,PM Poshan (Mid-Day Meal Scheme),Centrally Sponsored (60:40),NGO / Partner Organisation,262.37,247.44,147.35,59.55,55,3.0,5.454545454545454,4122,213.0,5.167394468704512,Ongoing
2021-22,2021-06-21,Karnataka,Belagavi,Ministry of Rural Development,Pradhan Mantri Awas Yojana - Gramin,Centrally Sponsored (60:40),District Panchayat / Zilla Parishad,731.94,593.82,451.45,76.02,406,337.0,83.00492610837439,2984,2565.0,85.95844504021449,Delayed
2024-25,2021-11-06,Tamil Nadu, Madurai,Ministry of Agriculture & Farmers Welfare,PM Kisan Samman Nidhi,Central Sector,State Nodal Agency,367.78,362.65,304.41,83.94,462,187.0,40.476190476190474,1779,730.0,41.034288926363125,Delayed
2022-23,2023-09-12,Kerala,kozhikode,Ministry of Education,PM Poshan (Mid-Day Meal Scheme),Centrally Sponsored (60:40),NGO / Partner Organisation,698.04,623.38,552.95,88.7,432,431.0,99.76851851851852,604,562.0,93.04635761589404,Completed
2023-24,2024-01-04,West Bengal,Durgapur,Ministry of Health & Family Welfare,National Health Mission,Centrally Sponsored (60:40),Gram Panchayat,46.62,45.85,35.3,76.99,221,132.0,59.72850678733032,2404,1473.0,61.272878535773714,Ongoing
2021-22,2022-04-27,Gujarat,Bhavnagar,Ministry of Education,Samagra Shiksha Abhiyan,Centrally Sponsored (60:40),State Nodal Agency,136.61,127.16,105.9,83.28,407,405.0,99.5085995085995,631,565.0,89.54041204437401,Ongoing
2021-22,2023-03-08,Tamil Nadu,Salem,Ministry of Jal Shakti,Jal Jeevan Mission,Centrally Sponsored (90:10),NGO / Partner Organisation,198.66,179.7,175.81,97.84,58,58.0,100.0,4298,4167.0,96.95207073057236,Completed
2023-24,2023-08-17,Tamil Nadu,Salem,Ministry of Agriculture & Farmers Welfare,PM Kisan Samman Nidhi,Central Sector,State Nodal Agency,592.29,479.4,454.3,94.76,83,82.0,98.79518072289156,2455,2227.0,90.71283095723014,Completed
2021-22,2023-07-02,Tamil Nadu,Salem,Ministry of Health & Family Welfare,Ayushman Bharat - Pradhan Mantri Jan Arogya Yojana,Centrally Sponsored (60:40),Gram Panchayat,371.47,210.05,187.8,89.41,280,185.0,66.07142857142857,3323,2184.0,65.72374360517604,Ongoing
2023-24,2021-07-07,Madhya Pradesh,Bhopal,Ministry of Jal Shakti,Swachh Bharat Mission - Gramin,Centrally Sponsored (60:40),Urban Local Body (ULB),85.68,84.61,0.0,0.0,223,0.0,0.0,1900,0.0,0.0,Not Started
2024-25,2022-05-08,Madhya Pradesh,Ujjain,Ministry of Jal Shakti,Swachh Bharat Mission - Gramin,Centrally Sponsored (60:40),State Nodal Agency,223.12,218.39,0.0,0.0,366,0.0,0.0,3833,0.0,0.0,Not Started
2024-25,2024-04-13,Gujarat, Rajkot,Ministry of Agriculture & Farmers Welfare,PM Kisan Samman Nidhi,Central Sector,Gram Panchayat,42.64,28.2,21.49,76.21,223,147.0,65.91928251121077,3463,2292.0,66.185388391568,Ongoing
2022-23,2023-06-02,Tamil Nadu,Chennai,Ministry of Education,PM Poshan (Mid-Day Meal Scheme),Centrally Sponsored (60:40),District Panchayat / Zilla Parishad,671.81,645.8,613.68,95.03,317,317.0,100.0,104,101.0,97.11538461538461,Completed
2023-24,2024-04-04,Gujarat,Surat,Ministry of Rural Development,Pradhan Mantri Gram Sadak Yojana,Centrally Sponsored (60:40),Urban Local Body (ULB),475.04,360.97,157.44,43.62,318,85.0,26.729559748427672,344,95.0,27.61627906976744,Delayed
2024-25,2022-08-31,Karnataka,Belagavi,Ministry of Jal Shakti,Swachh Bharat Mission - Gramin,Centrally Sponsored (60:40),State Nodal Agency,39.82,33.3,12.15,36.49,82,18.0,21.951219512195124,2108,438.0,20.777988614800762,Delayed
2022-23,2021-09-28,Uttar Pradesh, Kanpur,Ministry of Jal Shakti,Jal Jeevan Mission,Centrally Sponsored (90:10),Gram Panchayat,577.28,439.06,346.51,78.92,343,249.0,72.59475218658892,220,159.0,72.27272727272728,Delayed
2022-23,2023-02-19,Kerala, Kozhikode,Ministry of Rural Development,Pradhan Mantri Awas Yojana - Gramin,Centrally Sponsored (60:40),NGO / Partner Organisation,262.54,248.37,147.92,59.56,458,260.0,56.76855895196506,1610,900.0,55.90062111801242,Ongoing
2021-22,2023-02-23,Madhya Pradesh,Ujjain,Ministry of Health & Family Welfare,National Health Mission,Centrally Sponsored (60:40),District Panchayat / Zilla Parishad,318.83,220.49,218.41,99.06,382,381.0,99.73821989528795,4028,3793.0,94.16583912611718,Completed
2024-25,2024-09-23,Tamil Nadu,Salem,Ministry of Jal Shakti,Jal Jeevan Mission,Centrally Sponsored (90:10),District Panchayat / Zilla Parishad,589.71,489.56,230.7,47.12,211,56.0,26.540284360189574,1968,494.0,25.101626016260166,Ongoing
2023-24,2023-08-06,West Bengal,Kolkata ,Ministry of Health & Family Welfare,National Health Mission,Centrally Sponsored (60:40),Urban Local Body (ULB),375.43,362.77,355.4,97.97,353,352.0,99.71671388101983,2037,2001.0,98.23269513991163,Completed
2024-25,2022-12-04,Kerala,Thiruvananthapuram,Ministry of Health & Family Welfare,National Health Mission,Centrally Sponsored (60:40),Urban Local Body (ULB),397.38,384.67,345.32,89.77,480,479.0,99.79166666666667,498,517.0,103.81526104417671,Completed
2024-25,2024-05-03,Madhya Pradesh,indore,Ministry of Education,PM Poshan (Mid-Day Meal Scheme),Centrally Sponsored (60:40),Urban Local Body (ULB),580.3,474.41,174.44,81.965,348,16.0,4.597701149425287,728,34.0,4.670329670329671,Delayed
2022-23,2022-07-18,Gujarat,Vadodara,Ministry of Health & Family Welfare,National Health Mission,Centrally Sponsored (60:40),Gram Panchayat,258.19,246.25,126.48,51.36,232,129.0,55.603448275862064,4333,992.0,22.894068774521116,Ongoing
2021-22,2021-12-06,Tamil Nadu,Madurai,Ministry of Jal Shakti,Jal Jeevan Mission,Centrally Sponsored (90:10),State Nodal Agency,751.56,458.24,447.08,97.56,247,245.0,99.19028340080972,1086,1062.0,97.79005524861878,Completed
2022-23,2022-07-09,Rajasthan,Jodhpur,Ministry of Agriculture & Farmers Welfare,Pradhan Mantri Fasal Bima Yojana,Central Sector,District Panchayat / Zilla Parishad,772.41,466.3,174.44,81.965,408,197.0,48.28431372549019,3062,1503.0,49.08556499020248,Ongoing
2024-25,2021-07-10,Kerala,Kochi,Ministry of Health & Family Welfare,Ayushman Bharat - Pradhan Mantri Jan Arogya Yojana,Centrally Sponsored (60:40),NGO / Partner Organisation,232.6,154.67,139.86,90.42,32,31.0,96.875,1838,1624.0,88.35690968443961,Completed
2024-25,2024-07-16,Madhya Pradesh,Ujjain,Ministry of Agriculture & Farmers Welfare,PM Kisan Samman Nidhi,Central Sector,Gram Panchayat,707.45,669.81,592.82,88.51,471,470.0,99.78768577494692,133,133.0,100.0,Completed
2023-24,2022-11-13,Kerala,Kollam,Ministry of Agriculture & Farmers Welfare,PM Kisan Samman Nidhi,Central Sector,Gram Panchayat,205.66,196.16,116.46,59.37,174,172.0,98.85057471264368,1734,1719.0,99.13494809688581,Ongoing
2021-22,2023-11-07,Maharashtra,Kolhapur,Ministry of Agriculture & Farmers Welfare,PM Kisan Samman Nidhi,Central Sector,District Panchayat / Zilla Parishad,138.77,115.72,102.18,88.3,129,117.0,90.69767441860465,3313,2750.0,83.00633866586176,Delayed
2024-25,2022-12-26,Tamil Nadu,Salem,Ministry of Health & Family Welfare,Ayushman Bharat - Pradhan Mantri Jan Arogya Yojana,Centrally Sponsored (60:40),NGO / Partner Organisation,425.5,295.02,286.98,97.27,395,395.0,100.0,479,462.0,96.4509394572025,Completed
2023-24,2021-11-11,Rajasthan,Jaipur,Ministry of Rural Development,Mahatma Gandhi National Rural Employment Guarantee Scheme,Centrally Sponsored (60:40),Urban Local Body (ULB),325.46,177.11,174.22,98.37,13,12.0,92.3076923076923,3129,2769.0,88.4947267497603,Completed
2023-24,2021-06-12,West Bengal,Siliguri,Ministry of Health & Family Welfare,Ayushman Bharat - Pradhan Mantri Jan Arogya Yojana,Centrally Sponsored (60:40),District Panchayat / Zilla Parishad,497.95,405.97,349.19,86.01,453,453.0,100.0,1128,1133.0,100.44326241134752,Completed
2022-23,2023-03-26,Tamil Nadu,Chennai,Ministry of Education,PM Poshan (Mid-Day Meal Scheme),Centrally Sponsored (60:40),Gram Panchayat,230.5,215.26,208.92,97.05,468,466.0,99.57264957264957,1237,1142.0,92.32012934518997,Completed
2022-23,2024-09-30,Gujarat,Ahmedabad,Ministry of Jal Shakti,Jal Jeevan Mission,Centrally Sponsored (90:10),District Panchayat / Zilla Parishad,322.36,172.67,155.6,90.11,313,313.0,100.0,304,314.0,103.28947368421053,Completed
2021-22,2023-08-07,Tamil Nadu,Tiruchirappalli,Ministry of Health & Family Welfare,Ayushman Bharat - Pradhan Mantri Jan Arogya Yojana,Centrally Sponsored (60:40),NGO / Partner Organisation,320.45,167.85,148.41,88.42,432,431.0,99.76851851851852,3314,3138.0,94.68919734459867,Completed
2022-23,2022-12-04,Uttar Pradesh,Lucknow,Ministry of Rural Development,Mahatma Gandhi National Rural Employment Guarantee Scheme,Centrally Sponsored (60:40),District Panchayat / Zilla Parishad,168.18,90.11,49.43,54.86,498,423.0,84.93975903614458,4639,3661.0,78.91787023065315,Delayed
2024-25,2024-02-27,Kerala,Kochi,Ministry of Rural Development,Pradhan Mantri Gram Sadak Yojana,Centrally Sponsored (60:40),District Panchayat / Zilla Parishad,432.8,390.96,230.23,58.89,14,1.0,7.142857142857142,2805,192.0,6.8449197860962565,Delayed
2024-25,2021-08-29,Maharashtra,Kolhapur,Ministry of Education,Samagra Shiksha Abhiyan,Centrally Sponsored (60:40),Urban Local Body (ULB),530.48,451.29,421.0,93.29,298,297.0,99.66442953020133,1815,1817.0,100.11019283746556,Completed
2024-25,2023-01-15,Maharashtra,Kolhapur,Ministry of Education,Samagra Shiksha Abhiyan,Centrally Sponsored (60:40),Gram Panchayat,684.93,422.09,391.66,92.79,37,34.0,91.8918918918919,530,1202.0,226.7924528301887,Ongoing
2023-24,2022-09-28,Karnataka,Belagavi,Ministry of Rural Development,Pradhan Mantri Gram Sadak Yojana,Centrally Sponsored (60:40),State Nodal Agency,343.13,176.48,160.3,90.83,462,462.0,100.0,1936,1938.0,100.10330578512396,Completed
2021-22,2022-12-15,West Bengal,Durgapur,Ministry of Rural Development,Pradhan Mantri Gram Sadak Yojana,Centrally Sponsored (60:40),Gram Panchayat,98.79,70.51,29.02,41.16,177,153.0,86.4406779661017,4651,3920.0,84.28294990324662,Ongoing
2024-25,2024-10-09,Bihar,Darbhanga ,Ministry of Jal Shakti,Swachh Bharat Mission - Gramin,Centrally Sponsored (60:40),District Panchayat / Zilla Parishad,643.54,435.82,145.02,33.28,347,196.0,56.48414985590778,1768,916.0,51.80995475113123,Ongoing
2022-23,2022-07-09,Uttar Pradesh,Varanasi,Ministry of Health & Family Welfare,Ayushman Bharat - Pradhan Mantri Jan Arogya Yojana,Centrally Sponsored (60:40),NGO / Partner Organisation,53.07,47.23,45.99,97.37,470,468.0,99.57446808510639,1659,1497.0,90.23508137432188,Completed
2023-24,2023-09-29,West Bengal,Siliguri,Ministry of Health & Family Welfare,Ayushman Bharat - Pradhan Mantri Jan Arogya Yojana,Centrally Sponsored (60:40),Gram Panchayat,128.51,114.53,105.28,91.92,429,80.0,18.64801864801865,475,86.0,18.10526315789474,Ongoing
2024-25,2024-05-23,West Bengal,howrah,Ministry of Agriculture & Farmers Welfare,Pradhan Mantri Fasal Bima Yojana,Central Sector,NGO / Partner Organisation,625.71,379.88,241.89,63.68,123,21.0,17.073170731707318,874,1202.0,137.52860411899312,Ongoing
2023-24,2022-09-18,Kerala,Kozhikode,Ministry of Jal Shakti,Swachh Bharat Mission - Gramin,Centrally Sponsored (60:40),State Nodal Agency,562.14,285.0,207.18,72.69,137,25.0,18.248175182481752,1978,1202.0,60.76845298281091,Delayed
2024-25,2022-05-21,Bihar,Muzaffarpur ,Ministry of Education,Samagra Shiksha Abhiyan,Centrally Sponsored (60:40),Urban Local Body (ULB),730.31,474.51,402.79,84.89,304,110.0,36.18421052631579,2757,993.0,36.01741022850925,Ongoing
2021-22,2021-10-30,Tamil Nadu,salem,Ministry of Education,PM Poshan (Mid-Day Meal Scheme),Centrally Sponsored (60:40),District Panchayat / Zilla Parishad,259.19,233.05,198.33,85.1,332,331.0,99.69879518072288,2113,1938.0,91.71793658305727,Completed
2021-22,2022-05-27,Tamil Nadu,Tiruchirappalli,Ministry of Rural Development,Pradhan Mantri Awas Yojana - Gramin,Centrally Sponsored (60:40),District Panchayat / Zilla Parishad,713.69,366.69,335.24,91.42,445,443.0,99.5505617977528,1142,1113.0,97.46059544658495,Completed
2024-25,2021-11-12,West Bengal,Howrah,Ministry of Agriculture & Farmers Welfare,PM Kisan Samman Nidhi,Central Sector,District Panchayat / Zilla Parishad,705.27,353.46,267.19,75.59,437,188.0,43.02059496567506,4212,1673.0,39.71984805318139,Ongoing
2022-23,2024-04-18,West Bengal,Siliguri,Ministry of Jal Shakti,Swachh Bharat Mission - Gramin,Centrally Sponsored (60:40),Gram Panchayat,28.82,23.76,20.8,87.54,72,72.0,100.0,4062,3775.0,92.93451501723288,Completed
2024-25,2023-01-09,West Bengal,Asansol,Ministry of Health & Family Welfare,National Health Mission,Centrally Sponsored (60:40),District Panchayat / Zilla Parishad,619.06,471.88,189.94,40.25,372,226.0,60.752688172043015,4756,2813.0,59.14634146341463,Ongoing
2021-22,2025-01-26,Maharashtra,Pune,Ministry of Health & Family Welfare,National Health Mission,Centrally Sponsored (60:40),Urban Local Body (ULB),770.35,486.62,218.14,44.83,412,380.0,92.23300970873787,2462,2093.0,85.01218521527214,Delayed
2022-23,2024-05-20,Uttar Pradesh,Meerut,Ministry of Education,Samagra Shiksha Abhiyan,Centrally Sponsored (60:40),Urban Local Body (ULB),761.37,564.02,440.95,78.18,98,74.0,75.51020408163265,2580,1880.0,72.86821705426357,Delayed
2021-22,2024-07-07,Tamil Nadu,Chennai,Ministry of Rural Development,Pradhan Mantri Gram Sadak Yojana,Centrally Sponsored (60:40),State Nodal Agency,52.7,41.38,0.0,0.0,182,0.0,0.0,2620,0.0,0.0,Not Started
2024-25,2023-03-10,Uttar Pradesh,Lucknow,Ministry of Jal Shakti,Swachh Bharat Mission - Gramin,Centrally Sponsored (60:40),Urban Local Body (ULB),32.95,31.97,26.51,82.92,142,71.0,50.0,2487,1165.0,46.84358665058303,Ongoing
2022-23,2021-12-31,West Bengal,Asansol ,Ministry of Agriculture & Farmers Welfare,PM Kisan Samman Nidhi,Central Sector,Gram Panchayat,315.44,227.53,174.02,76.48,311,107.0,34.40514469453376,4655,1609.0,34.56498388829216,Delayed
2024-25,2021-08-03,Uttar Pradesh,Lucknow,Ministry of Education,Samagra Shiksha Abhiyan,Centrally Sponsored (60:40),Urban Local Body (ULB),693.7,477.17,0.0,0.0,56,0.0,0.0,3474,0.0,0.0,Not Started
2022-23,2024-08-13,Gujarat,Surat,Ministry of Jal Shakti,Jal Jeevan Mission,Centrally Sponsored (90:10),District Panchayat / Zilla Parishad,319.78,213.84,175.16,81.91,21,18.0,85.71428571428571,2032,1622.0,79.82283464566929,Delayed
2024-25,2023-08-30,Madhya Pradesh,Jabalpur,Ministry of Education,PM Poshan (Mid-Day Meal Scheme),Centrally Sponsored (60:40),District Panchayat / Zilla Parishad,322.39,308.52,307.57,99.69,71,70.0,98.59154929577466,2301,2302.0,100.04345936549326,Completed
2023-24,2023-02-01,Kerala,Thrissur,Ministry of Agriculture & Farmers Welfare,PM Kisan Samman Nidhi,Central Sector,District Panchayat / Zilla Parishad,596.28,315.51,243.68,77.23,168,153.0,91.07142857142857,3024,2512.0,83.06878306878306,Ongoing
2022-23,2023-02-24,Rajasthan,Kota,Ministry of Rural Development,Pradhan Mantri Gram Sadak Yojana,Centrally Sponsored (60:40),District Panchayat / Zilla Parishad,335.57,261.33,86.15,32.97,427,422.0,98.82903981264637,647,585.0,90.41731066460588,Ongoing
2024-25,2024-06-30,Tamil Nadu,Salem,Ministry of Rural Development,Mahatma Gandhi National Rural Employment Guarantee Scheme,Centrally Sponsored (60:40),Gram Panchayat,34.31,25.73,0.0,0.0,157,0.0,0.0,2000,0.0,0.0,Not Started
2024-25,2021-11-26,Uttar Pradesh,Meerut,Ministry of Rural Development,Pradhan Mantri Awas Yojana - Gramin,Centrally Sponsored (60:40),District Panchayat / Zilla Parishad,436.62,424.34,385.37,90.82,482,480.0,99.5850622406639,1241,1194.0,96.21273166800967,Completed
2021-22,2024-02-16,Tamil Nadu,Coimbatore,Ministry of Jal Shakti,Jal Jeevan Mission,Centrally Sponsored (90:10),Gram Panchayat,694.41,603.02,436.61,72.4,137,21.0,15.328467153284672,2424,362.0,14.933993399339935,Ongoing
2023-24,2021-11-13,Rajasthan,Ajmer,Ministry of Education,PM Poshan (Mid-Day Meal Scheme),Centrally Sponsored (60:40),District Panchayat / Zilla Parishad,425.05,242.35,0.0,0.0,80,0.0,0.0,2538,0.0,0.0,Not Started
2023-24,2024-02-09,Gujarat,Surat,Ministry of Rural Development,Pradhan Mantri Gram Sadak Yojana,Centrally Sponsored (60:40),State Nodal Agency,263.98,135.29,127.66,94.36,35,35.0,100.0,2369,2388.0,100.80202617138032,Completed
2021-22,2022-05-14,Karnataka,mangaluru,Ministry of Agriculture & Farmers Welfare,Pradhan Mantri Fasal Bima Yojana,Central Sector,NGO / Partner Organisation,421.13,409.08,332.18,81.2,472,175.0,37.07627118644068,4824,1868.0,38.72305140961858,Ongoing
2022-23,2022-09-23,Maharashtra,nashik,Ministry of Agriculture & Farmers Welfare,Pradhan Mantri Fasal Bima Yojana,Central Sector,Gram Panchayat,290.0,218.17,108.41,49.69,214,92.0,42.99065420560748,4939,2182.0,44.178983599919015,Delayed
2022-23,2022-09-01,Bihar,Muzaffarpur,Ministry of Agriculture & Farmers Welfare,Pradhan Mantri Fasal Bima Yojana,Central Sector,State Nodal Agency,797.82,754.76,732.58,97.06,166,129.0,77.71084337349397,892,878.0,98.4304932735426,Completed
2023-24,2023-03-23,Bihar,Bhagalpur,Ministry of Education,PM Poshan (Mid-Day Meal Scheme),Centrally Sponsored (60:40),Urban Local Body (ULB),562.01,519.44,294.53,56.7,374,106.0,28.342245989304814,3342,962.0,28.785158587672054,Ongoing
2023-24,2021-07-21,West Bengal,Siliguri,Ministry of Jal Shakti,Swachh Bharat Mission - Gramin,Centrally Sponsored (60:40),State Nodal Agency,734.45,647.52,623.61,96.31,394,393.0,99.74619289340102,2555,2455.0,96.08610567514677,Completed
2023-24,2023-09-20,Tamil Nadu, Salem,Ministry of Education,Samagra Shiksha Abhiyan,Centrally Sponsored (60:40),Gram Panchayat,660.81,390.49,347.04,88.87,158,158.0,100.0,3460,3237.0,93.55491329479769,Completed
2022-23,2024-10-31,Kerala,Kozhikode,Ministry of Education,PM Poshan (Mid-Day Meal Scheme),Centrally Sponsored (60:40),Gram Panchayat,272.3,162.79,111.39,68.43,224,49.0,21.875,4721,1018.0,21.56322812963355,Delayed
2021-22,2022-12-13,Karnataka,Bengaluru,Ministry of Rural Development,Mahatma Gandhi National Rural Employment Guarantee Scheme,Centrally Sponsored (60:40),State Nodal Agency,724.15,576.13,566.84,98.39,66,65.0,98.48484848484848,1316,1314.0,99.84802431610942,Completed
2021-22,2022-07-25,Karnataka,Hubballi,Ministry of Rural Development,Pradhan Mantri Gram Sadak Yojana,Centrally Sponsored (60:40),State Nodal Agency,434.36,286.08,239.14,83.59,247,32.0,12.955465587044534,1668,222.0,13.309352517985612,Delayed
2023-24,2021-06-26,Maharashtra,Nashik,Ministry of Education,Samagra Shiksha Abhiyan,Centrally Sponsored (60:40),District Panchayat / Zilla Parishad,623.04,399.22,384.17,96.23,348,347.0,99.71264367816092,4957,4560.0,91.99112366350616,Completed
2024-25,2022-09-06,Gujarat,Bhavnagar,Ministry of Jal Shakti,Swachh Bharat Mission - Gramin,Centrally Sponsored (60:40),Gram Panchayat,375.61,360.29,174.44,81.965,236,98.0,41.52542372881356,2276,862.0,37.87346221441125,Delayed
2021-22,2024-03-25,Uttar Pradesh,Agra,Ministry of Rural Development,Pradhan Mantri Gram Sadak Yojana,Centrally Sponsored (60:40),Gram Panchayat,173.89,115.8,43.18,37.29,157,104.0,66.2420382165605,3164,1930.0,60.99873577749684,Ongoing
2024-25,2022-10-03,Tamil Nadu,Chennai,Ministry of Jal Shakti,Swachh Bharat Mission - Gramin,Centrally Sponsored (60:40),District Panchayat / Zilla Parishad,746.42,692.0,642.81,92.89,437,437.0,100.0,2732,2487.0,91.03221083455344,Completed
2022-23,2021-11-22,Madhya Pradesh,Indore,Ministry of Jal Shakti,Jal Jeevan Mission,Centrally Sponsored (90:10),Gram Panchayat,302.84,238.88,235.53,98.6,218,216.0,99.08256880733946,1134,1096.0,96.64902998236332,Completed
2023-24,2025-02-07,Gujarat,Surat,Ministry of Rural Development,Pradhan Mantri Awas Yojana - Gramin,Centrally Sponsored (60:40),Gram Panchayat,240.26,194.1,115.61,59.56,452,74.0,16.371681415929203,2126,327.0,15.380997177798683,Ongoing
2022-23,2021-09-29,West Bengal,Siliguri,Ministry of Education,Samagra Shiksha Abhiyan,Centrally Sponsored (60:40),Urban Local Body (ULB),435.14,296.34,279.76,94.41,476,475.0,99.78991596638656,3244,3040.0,93.711467324291,Completed
2022-23,2023-10-06,Karnataka,Mangaluru,Ministry of Education,PM Poshan (Mid-Day Meal Scheme),Centrally Sponsored (60:40),Gram Panchayat,130.37,74.73,63.81,85.39,423,421.0,99.52718676122932,3966,3967.0,100.02521432173475,Completed
2022-23,2024-04-23,Tamil Nadu,Chennai ,Ministry of Rural Development,Pradhan Mantri Gram Sadak Yojana,Centrally Sponsored (60:40),State Nodal Agency,363.33,209.6,200.54,95.68,21,19.0,90.47619047619048,4870,4428.0,90.92402464065708,Completed
2024-25,2022-12-23,Rajasthan,Jaipur,Ministry of Education,Samagra Shiksha Abhiyan,Centrally Sponsored (60:40),Gram Panchayat,205.72,145.28,73.22,50.4,168,64.0,38.095238095238095,3710,1324.0,35.687331536388136,Delayed
2022-23,2024-02-24,Madhya Pradesh,jabalpur,Ministry of Health & Family Welfare,Ayushman Bharat - Pradhan Mantri Jan Arogya Yojana,Centrally Sponsored (60:40),District Panchayat / Zilla Parishad,277.3,204.71,192.86,94.21,405,404.0,99.75308641975309,1494,1389.0,92.9718875502008,Completed
2023-24,2024-07-12,Tamil Nadu,Salem,Ministry of Education,Samagra Shiksha Abhiyan,Centrally Sponsored (60:40),Urban Local Body (ULB),43.11,29.86,13.44,45.01,37,15.0,40.54054054054054,1815,695.0,38.29201101928375,Ongoing
2023-24,2022-01-18,West Bengal,Durgapur,Ministry of Agriculture & Farmers Welfare,Pradhan Mantri Fasal Bima Yojana,Central Sector,District Panchayat / Zilla Parishad,656.58,636.3,557.13,87.56,13,8.0,61.53846153846154,627,1202.0,191.70653907496015,Ongoing
2024-25,2022-04-23,Gujarat,surat,Ministry of Agriculture & Farmers Welfare,Pradhan Mantri Fasal Bima Yojana,Central Sector,Gram Panchayat,451.21,228.39,0.0,0.0,354,0.0,0.0,1902,0.0,0.0,Not Started
2024-25,2023-07-22,Maharashtra,Nagpur,Ministry of Jal Shakti,Jal Jeevan Mission,Centrally Sponsored (90:10),District Panchayat / Zilla Parishad,481.51,388.58,334.5,86.08,238,154.0,64.70588235294117,2569,1570.0,61.113273647333585,Delayed
2023-24,2023-03-22,Rajasthan,Jaipur,Ministry of Jal Shakti,Jal Jeevan Mission,Centrally Sponsored (90:10),District Panchayat / Zilla Parishad,728.12,693.03,650.44,93.85,12,12.0,100.0,196,204.0,104.08163265306123,Completed
2022-23,2021-11-02,Tamil Nadu,madurai,Ministry of Rural Development,Pradhan Mantri Gram Sadak Yojana,Centrally Sponsored (60:40),District Panchayat / Zilla Parishad,168.8,149.19,52.7,35.32,495,347.0,70.1010101010101,4634,3085.0,66.573154941735,Ongoing
2024-25,2022-08-03,Uttar Pradesh, Varanasi,Ministry of Rural Development,Pradhan Mantri Gram Sadak Yojana,Centrally Sponsored (60:40),Gram Panchayat,306.39,299.26,290.91,97.21,235,77.0,32.76595744680851,2669,827.0,30.985387785687525,Ongoing
2024-25,2022-05-12,Uttar Pradesh,Lucknow,Ministry of Education,Samagra Shiksha Abhiyan,Centrally Sponsored (60:40),State Nodal Agency,308.2,189.95,174.44,81.965,279,129.0,46.236559139784944,2759,2777.0,100.65241029358462,Completed
2024-25,2022-01-30,Rajasthan,Ajmer,Ministry of Education,PM Poshan (Mid-Day Meal Scheme),Centrally Sponsored (60:40),State Nodal Agency,394.78,226.82,214.51,94.57,261,260.0,99.61685823754789,1539,1540.0,100.06497725795971,Completed
2023-24,2025-02-23,Rajasthan,Jaipur,Ministry of Jal Shakti,Swachh Bharat Mission - Gramin,Centrally Sponsored (60:40),Gram Panchayat,622.42,340.29,291.36,85.62,71,69.0,97.1830985915493,2503,2396.0,95.72512984418697,Completed
2022-23,2022-03-09,Uttar Pradesh,Meerut,Ministry of Jal Shakti,Swachh Bharat Mission - Gramin,Centrally Sponsored (60:40),NGO / Partner Organisation,468.07,292.17,260.18,89.05,498,497.0,99.79919678714859,3215,3017.0,93.84136858475894,Completed
2022-23,2023-03-15,Tamil Nadu,Chennai,Ministry of Rural Development,Mahatma Gandhi National Rural Employment Guarantee Scheme,Centrally Sponsored (60:40),Gram Panchayat,152.99,111.31,35.53,31.92,190,103.0,54.21052631578947,4171,2261.0,54.2076240709662,Ongoing
2024-25,2021-06-02,Tamil Nadu,Madurai,Ministry of Rural Development,Pradhan Mantri Awas Yojana - Gramin,Centrally Sponsored (60:40),Gram Panchayat,481.75,416.61,201.09,48.27,198,168.0,84.84848484848484,1075,911.0,84.74418604651163,Ongoing
2022-23,2022-04-22,Kerala,Thrissur,Ministry of Jal Shakti,Swachh Bharat Mission - Gramin,Centrally Sponsored (60:40),Urban Local Body (ULB),711.27,431.68,401.61,93.03,227,100.0,44.052863436123346,3991,1705.0,42.72112252568279,Ongoing
2024-25,2021-06-07,West Bengal,Siliguri,Ministry of Jal Shakti,Jal Jeevan Mission,Centrally Sponsored (90:10),District Panchayat / Zilla Parishad,619.66,508.65,468.23,92.05,373,372.0,99.73190348525469,801,805.0,100.49937578027466,Completed
2022-23,2022-09-29,Maharashtra,Kolhapur,Ministry of Health & Family Welfare,Ayushman Bharat - Pradhan Mantri Jan Arogya Yojana,Centrally Sponsored (60:40),Gram Panchayat,285.17,221.95,147.98,66.67,431,186.0,43.1554524361949,3409,1538.0,45.11586975652684,Ongoing
2024-25,2022-11-15,Bihar,Bhagalpur,Ministry of Jal Shakti,Jal Jeevan Mission,Centrally Sponsored (90:10),Gram Panchayat,704.49,362.16,314.46,86.83,299,297.0,99.33110367892976,2759,2731.0,98.9851395433128,Completed
2022-23,2021-10-27,Gujarat, Rajkot,Ministry of Agriculture & Farmers Welfare,Pradhan Mantri Fasal Bima Yojana,Central Sector,Gram Panchayat,32.04,18.19,6.85,37.66,329,301.0,91.48936170212765,3934,3386.0,86.07015760040672,Delayed
2024-25,2023-12-26,Bihar,Gaya,Ministry of Agriculture & Farmers Welfare,PM Kisan Samman Nidhi,Central Sector,Gram Panchayat,301.09,194.4,174.44,81.965,42,0.0,0.0,512,1202.0,234.765625,Not Started
2022-23,2024-04-25,Tamil Nadu,Chennai,Ministry of Agriculture & Farmers Welfare,Pradhan Mantri Fasal Bima Yojana,Central Sector,Urban Local Body (ULB),137.46,70.3,0.0,0.0,277,0.0,0.0,3069,0.0,0.0,Not Started
2024-25,2024-03-17,Maharashtra,Nashik,Ministry of Health & Family Welfare,National Health Mission,Centrally Sponsored (60:40),Gram Panchayat,372.36,273.13,252.16,92.32,338,338.0,100.0,1427,1434.0,100.49053959355292,Completed
2024-25,2023-09-20,Maharashtra,Pune,Ministry of Rural Development,Mahatma Gandhi National Rural Employment Guarantee Scheme,Centrally Sponsored (60:40),District Panchayat / Zilla Parishad,69.6,63.22,62.32,98.58,203,202.0,99.50738916256158,1059,1034.0,97.63928234183192,Completed
2023-24,2024-01-15,Madhya Pradesh,Bhopal,Ministry of Rural Development,Mahatma Gandhi National Rural Employment Guarantee Scheme,Centrally Sponsored (60:40),Gram Panchayat,240.06,141.53,0.0,0.0,468,0.0,0.0,1172,0.0,0.0,Not Started
2023-24,2025-01-04,Karnataka,Mangaluru,Ministry of Health & Family Welfare,National Health Mission,Centrally Sponsored (60:40),Gram Panchayat,165.1,93.67,67.82,72.4,341,249.0,73.02052785923753,880,590.0,67.04545454545455,Delayed
2023-24,2025-01-12,Tamil Nadu,Tiruchirappalli ,Ministry of Rural Development,Mahatma Gandhi National Rural Employment Guarantee Scheme,Centrally Sponsored (60:40),Gram Panchayat,691.65,495.0,174.44,81.965,384,13.0,3.3854166666666665,2497,78.0,3.123748498197837,Ongoing
2024-25,2022-05-20,Karnataka,Bengaluru,Ministry of Rural Development,Mahatma Gandhi National Rural Employment Guarantee Scheme,Centrally Sponsored (60:40),District Panchayat / Zilla Parishad,433.0,258.73,229.51,88.71,351,351.0,100.0,2756,2766.0,100.36284470246734,Completed
2023-24,2024-07-23,Uttar Pradesh,Agra,Ministry of Health & Family Welfare,National Health Mission,Centrally Sponsored (60:40),District Panchayat / Zilla Parishad,295.44,219.31,0.0,0.0,460,0.0,0.0,635,1202.0,189.29133858267718,Not Started
2024-25,2024-10-11,Bihar,Muzaffarpur,Ministry of Education,PM Poshan (Mid-Day Meal Scheme),Centrally Sponsored (60:40),Urban Local Body (ULB),344.61,186.18,148.94,80.0,152,150.0,98.68421052631578,4959,4878.0,98.36660617059891,Ongoing
2022-23,2024-02-07,Tamil Nadu,coimbatore,Ministry of Jal Shakti,Jal Jeevan Mission,Centrally Sponsored (90:10),Gram Panchayat,711.17,702.85,403.94,57.47,29,5.0,17.24137931034483,495,83.0,16.767676767676768,Delayed
2021-22,2021-09-21,Madhya Pradesh,Jabalpur,Ministry of Rural Development,Pradhan Mantri Awas Yojana - Gramin,Centrally Sponsored (60:40),Gram Panchayat,61.08,53.21,174.44,81.965,467,466.0,99.78586723768737,1759,1711.0,97.27117680500285,Completed
2022-23,2021-04-28,Uttar Pradesh,varanasi,Ministry of Rural Development,Pradhan Mantri Gram Sadak Yojana,Centrally Sponsored (60:40),Urban Local Body (ULB),270.52,240.69,221.83,92.16,112,110.0,98.21428571428571,3940,3947.0,100.17766497461929,Completed
2022-23,2023-04-02,Maharashtra,Pune,Ministry of Rural Development,Pradhan Mantri Awas Yojana - Gramin,Centrally Sponsored (60:40),District Panchayat / Zilla Parishad,457.14,316.83,193.56,61.09,89,20.0,22.47191011235955,930,202.0,21.72043010752688,Ongoing
2021-22,2024-05-22,Karnataka,Mysuru,Ministry of Agriculture & Farmers Welfare,Pradhan Mantri Fasal Bima Yojana,Central Sector,District Panchayat / Zilla Parishad,199.5,156.06,147.1,94.26,475,475.0,100.0,184,187.0,101.63043478260869,Completed
2022-23,2022-05-07,Bihar,patna,Ministry of Jal Shakti,Jal Jeevan Mission,Centrally Sponsored (90:10),Gram Panchayat,526.4,272.49,115.49,42.38,49,44.0,89.79591836734694,450,372.0,82.66666666666667,Delayed
2021-22,2022-04-18,Kerala,Thiruvananthapuram,Ministry of Agriculture & Farmers Welfare,PM Kisan Samman Nidhi,Central Sector,Gram Panchayat,323.77,277.08,167.08,60.3,390,320.0,82.05128205128204,3364,2573.0,76.48632580261592,Ongoing
2022-23,2022-12-29,Madhya Pradesh,jabalpur,Ministry of Health & Family Welfare,National Health Mission,Centrally Sponsored (60:40),State Nodal Agency,62.9,55.86,52.48,93.95,299,297.0,99.33110367892976,993,956.0,96.27391742195368,Completed
2023-24,2024-01-03,West Bengal,Kolkata,Ministry of Agriculture & Farmers Welfare,Pradhan Mantri Fasal Bima Yojana,Central Sector,NGO / Partner Organisation,682.25,342.46,301.06,87.91,193,192.0,99.48186528497409,391,380.0,97.18670076726342,Completed
2024-25,2022-01-13,Tamil Nadu,Coimbatore,Ministry of Health & Family Welfare,National Health Mission,Centrally Sponsored (60:40),Gram Panchayat,519.92,293.09,262.21,89.46,207,205.0,99.03381642512076,3982,3828.0,96.13259668508287,Completed
2021-22,2024-02-23,Madhya Pradesh, Indore,Ministry of Education,Samagra Shiksha Abhiyan,Centrally Sponsored (60:40),Gram Panchayat,619.73,314.06,311.02,99.03,363,114.0,31.40495867768595,4139,1285.0,31.046146412176856,Ongoing
2023-24,2021-07-23,Tamil Nadu,Coimbatore,Ministry of Health & Family Welfare,Ayushman Bharat - Pradhan Mantri Jan Arogya Yojana,Centrally Sponsored (60:40),NGO / Partner Organisation,716.26,572.1,376.47,65.8,90,72.0,80.0,4726,3967.0,83.939906898011,Ongoing
2024-25,2021-05-02,Uttar Pradesh,Lucknow ,Ministry of Education,Samagra Shiksha Abhiyan,Centrally Sponsored (60:40),District Panchayat / Zilla Parishad,695.18,507.24,0.0,0.0,203,0.0,0.0,4583,0.0,0.0,Not Started
2021-22,2025-02-21,Bihar,Darbhanga,Ministry of Jal Shakti,Jal Jeevan Mission,Centrally Sponsored (90:10),District Panchayat / Zilla Parishad,474.76,444.82,399.4,89.79,384,382.0,99.47916666666666,2659,2665.0,100.22564874012787,Completed
2022-23,2024-06-25,Madhya Pradesh,Ujjain,Ministry of Health & Family Welfare,Ayushman Bharat - Pradhan Mantri Jan Arogya Yojana,Centrally Sponsored (60:40),District Panchayat / Zilla Parishad,646.72,324.01,309.8,95.61,21,21.0,100.0,2132,1996.0,93.62101313320825,Completed
2023-24,2022-08-26,Madhya Pradesh,Ujjain,Ministry of Jal Shakti,Jal Jeevan Mission,Centrally Sponsored (90:10),NGO / Partner Organisation,444.91,419.97,160.72,38.27,431,221.0,51.27610208816705,4687,1202.0,25.64540217623213,Ongoing
2022-23,2024-01-28,Kerala,Kozhikode,Ministry of Health & Family Welfare,National Health Mission,Centrally Sponsored (60:40),Gram Panchayat,744.78,483.91,460.32,95.13,65,63.0,96.92307692307692,370,331.0,89.45945945945945,Ongoing
2024-25,2021-07-01,Kerala,Thiruvananthapuram,Ministry of Health & Family Welfare,Ayushman Bharat - Pradhan Mantri Jan Arogya Yojana,Centrally Sponsored (60:40),District Panchayat / Zilla Parishad,771.81,740.73,659.14,88.99,106,104.0,98.11320754716981,1998,1941.0,97.14714714714715,Completed
2022-23,2023-05-04,Madhya Pradesh,Bhopal,Ministry of Education,PM Poshan (Mid-Day Meal Scheme),Centrally Sponsored (60:40),NGO / Partner Organisation,198.42,138.73,0.0,0.0,152,0.0,0.0,60,0.0,0.0,Not Started
2023-24,2025-03-12,Rajasthan,Kota,Ministry of Rural Development,Pradhan Mantri Gram Sadak Yojana,Centrally Sponsored (60:40),Urban Local Body (ULB),174.97,154.99,139.83,90.22,356,356.0,100.0,4458,4406.0,98.83355764917003,Completed
2024-25,2022-02-07,Maharashtra,Aurangabad ,Ministry of Rural Development,Mahatma Gandhi National Rural Employment Guarantee Scheme,Centrally Sponsored (60:40),State Nodal Agency,91.13,86.45,30.7,35.51,484,389.0,80.37190082644628,2611,2193.0,83.99080811949445,Delayed
2024-25,2021-06-20,Karnataka,Belagavi,Ministry of Rural Development,Mahatma Gandhi National Rural Employment Guarantee Scheme,Centrally Sponsored (60:40),State Nodal Agency,115.77,89.08,66.88,75.08,325,196.0,60.30769230769231,459,257.0,55.99128540305011,Delayed
2023-24,2022-10-01,Uttar Pradesh, Varanasi,Ministry of Rural Development,Mahatma Gandhi National Rural Employment Guarantee Scheme,Centrally Sponsored (60:40),District Panchayat / Zilla Parishad,503.94,438.18,383.93,87.62,446,444.0,99.55156950672645,2412,2426.0,100.5804311774461,Completed
2024-25,2022-07-23,Madhya Pradesh, Jabalpur,Ministry of Rural Development,Pradhan Mantri Gram Sadak Yojana,Centrally Sponsored (60:40),Urban Local Body (ULB),527.86,467.74,425.61,90.99,387,211.0,54.52196382428941,2275,1140.0,50.10989010989011,Delayed
2023-24,2024-03-30,Tamil Nadu,Madurai,Ministry of Rural Development,Pradhan Mantri Gram Sadak Yojana,Centrally Sponsored (60:40),State Nodal Agency,759.11,709.43,0.0,0.0,107,0.0,0.0,2940,0.0,0.0,Not Started
2023-24,2023-04-01,Rajasthan,Kota,Ministry of Health & Family Welfare,Ayushman Bharat - Pradhan Mantri Jan Arogya Yojana,Centrally Sponsored (60:40),NGO / Partner Organisation,695.48,620.0,613.06,98.88,178,177.0,99.43820224719101,2654,2656.0,100.07535795026374,Completed
2024-25,2023-10-07,West Bengal,Durgapur,Ministry of Rural Development,Pradhan Mantri Gram Sadak Yojana,Centrally Sponsored (60:40),Gram Panchayat,348.43,325.74,174.44,81.965,314,0.0,0.0,4535,0.0,0.0,Not Started
2023-24,2021-04-07,Gujarat,Rajkot,Ministry of Jal Shakti,Swachh Bharat Mission - Gramin,Centrally Sponsored (60:40),District Panchayat / Zilla Parishad,241.62,196.49,176.25,89.7,319,319.0,100.0,3506,1202.0,34.28408442669709,Completed
2023-24,2022-02-26,Madhya Pradesh, Ujjain,Ministry of Rural Development,Pradhan Mantri Gram Sadak Yojana,Centrally Sponsored (60:40),District Panchayat / Zilla Parishad,554.94,277.71,194.53,70.05,135,31.0,22.962962962962962,2578,573.0,22.226532195500386,Ongoing
2023-24,2023-05-01,West Bengal,Siliguri ,Ministry of Jal Shakti,Swachh Bharat Mission - Gramin,Centrally Sponsored (60:40),Gram Panchayat,166.48,92.72,85.9,92.64,36,32.0,88.88888888888889,534,450.0,84.26966292134831,Ongoing
2022-23,2022-12-24,Bihar,Darbhanga,Ministry of Education,PM Poshan (Mid-Day Meal Scheme),Centrally Sponsored (60:40),Gram Panchayat,583.43,444.68,383.32,86.2,480,478.0,99.58333333333333,4445,4388.0,98.71766029246344,Completed
2021-22,2022-09-30,Kerala,kochi,Ministry of Education,PM Poshan (Mid-Day Meal Scheme),Centrally Sponsored (60:40),Gram Panchayat,413.31,283.49,165.74,58.46,325,279.0,85.84615384615385,1202,1040.0,86.522462562396,Ongoing
2023-24,2021-05-24,Gujarat,surat,Ministry of Agriculture & Farmers Welfare,Pradhan Mantri Fasal Bima Yojana,Central Sector,District Panchayat / Zilla Parishad,494.26,257.0,98.04,38.15,49,2.0,4.081632653061225,3266,130.0,3.9804041641151255,Delayed
2023-24,2021-08-03,Uttar Pradesh,Kanpur,Ministry of Jal Shakti,Jal Jeevan Mission,Centrally Sponsored (90:10),Gram Panchayat,224.04,148.69,133.16,89.56,387,385.0,99.48320413436691,4498,4189.0,93.13028012449978,Completed
2021-22,2021-12-04,Kerala,Kozhikode,Ministry of Jal Shakti,Jal Jeevan Mission,Centrally Sponsored (90:10),Gram Panchayat,258.8,184.2,172.56,93.68,281,280.0,99.644128113879,4574,4580.0,100.13117621337997,Completed
2023-24,2022-03-28,West Bengal,Siliguri,Ministry of Jal Shakti,Jal Jeevan Mission,Centrally Sponsored (90:10),NGO / Partner Organisation,634.55,547.4,508.92,92.97,48,3.0,6.25,196,11.0,5.612244897959184,Ongoing
2022-23,2023-08-18,Rajasthan,Udaipur,Ministry of Rural Development,Pradhan Mantri Awas Yojana - Gramin,Centrally Sponsored (60:40),Urban Local Body (ULB),372.79,269.87,196.56,72.84,248,11.0,4.435483870967742,3641,151.0,4.147212304312002,Ongoing
2022-23,2024-09-27,Kerala,Kozhikode ,Ministry of Education,Samagra Shiksha Abhiyan,Centrally Sponsored (60:40),District Panchayat / Zilla Parishad,135.8,76.57,71.05,92.79,403,403.0,100.0,4426,4173.0,94.28377767736104,Completed
2024-25,2025-01-22,Kerala,Thrissur,Ministry of Agriculture & Farmers Welfare,PM Kisan Samman Nidhi,Central Sector,District Panchayat / Zilla Parishad,109.39,85.8,0.0,0.0,491,0.0,0.0,605,0.0,0.0,Not Started
2023-24,2025-01-11,Rajasthan,Kota,Ministry of Rural Development,Pradhan Mantri Awas Yojana - Gramin,Centrally Sponsored (60:40),Gram Panchayat,368.96,273.36,250.92,91.79,489,489.0,100.0,4902,4657.0,95.00203998368013,Completed
2022-23,2024-03-19,Madhya Pradesh,Gwalior,Ministry of Rural Development,Pradhan Mantri Awas Yojana - Gramin,Centrally Sponsored (60:40),District Panchayat / Zilla Parishad,699.75,602.77,579.27,96.1,366,365.0,99.72677595628416,4561,4515.0,98.99144924358694,Completed
2023-24,2024-09-21,Madhya Pradesh,Gwalior,Ministry of Rural Development,Pradhan Mantri Gram Sadak Yojana,Centrally Sponsored (60:40),Gram Panchayat,40.97,31.31,27.27,87.1,62,61.0,98.38709677419355,4186,4001.0,95.58050645007167,Completed
2023-24,2024-07-04,Gujarat,Bhavnagar,Ministry of Jal Shakti,Swachh Bharat Mission - Gramin,Centrally Sponsored (60:40),Gram Panchayat,153.99,143.12,135.07,94.38,162,162.0,100.0,2401,2379.0,99.08371511870054,Completed
2022-23,2023-06-11,Rajasthan,Jodhpur,Ministry of Jal Shakti,Jal Jeevan Mission,Centrally Sponsored (90:10),Gram Panchayat,567.28,531.41,379.71,71.45,448,15.0,3.3482142857142856,3916,124.0,3.1664964249233916,Ongoing
2024-25,2024-07-19,Tamil Nadu,Coimbatore,Ministry of Health & Family Welfare,Ayushman Bharat - Pradhan Mantri Jan Arogya Yojana,Centrally Sponsored (60:40),State Nodal Agency,608.23,547.18,335.11,61.24,211,1.0,0.47393364928909953,2299,10.0,0.4349717268377556,Delayed
2023-24,2022-02-22,Tamil Nadu,madurai,Ministry of Health & Family Welfare,Ayushman Bharat - Pradhan Mantri Jan Arogya Yojana,Centrally Sponsored (60:40),Gram Panchayat,50.7,41.79,0.0,0.0,471,0.0,0.0,3070,0.0,0.0,Not Started
2022-23,2023-10-02,Madhya Pradesh,Indore,Ministry of Health & Family Welfare,Ayushman Bharat - Pradhan Mantri Jan Arogya Yojana,Centrally Sponsored (60:40),Gram Panchayat,246.2,181.08,160.93,88.87,103,103.0,100.0,2138,2134.0,99.81290926099157,Completed
2022-23,2022-11-30,Madhya Pradesh,Jabalpur,Ministry of Jal Shakti,Swachh Bharat Mission - Gramin,Centrally Sponsored (60:40),State Nodal Agency,175.93,137.62,174.44,81.965,185,0.0,0.0,3520,0.0,0.0,Not Started
2023-24,2022-05-06,Karnataka,Mysuru ,Ministry of Rural Development,Pradhan Mantri Awas Yojana - Gramin,Centrally Sponsored (60:40),Gram Panchayat,718.11,514.51,483.65,94.0,135,134.0,99.25925925925925,3263,3055.0,93.62549800796812,Completed
2024-25,2024-12-07,Maharashtra,Nashik,Ministry of Agriculture & Farmers Welfare,Pradhan Mantri Fasal Bima Yojana,Central Sector,Gram Panchayat,534.8,449.16,0.0,0.0,60,0.0,0.0,3549,0.0,0.0,Not Started
2024-25,2022-05-11,Maharashtra,Aurangabad,Ministry of Jal Shakti,Jal Jeevan Mission,Centrally Sponsored (90:10),State Nodal Agency,252.27,191.59,82.04,42.82,128,72.0,56.25,489,248.0,50.715746421267895,Ongoing
2022-23,2024-09-21,Gujarat,Bhavnagar,Ministry of Rural Development,Pradhan Mantri Awas Yojana - Gramin,Centrally Sponsored (60:40),Gram Panchayat,129.57,84.01,73.7,87.73,177,175.0,98.87005649717514,3349,3147.0,93.96834876082413,Completed
2024-25,2024-06-28,Karnataka,Belagavi,Ministry of Education,PM Poshan (Mid-Day Meal Scheme),Centrally Sponsored (60:40),State Nodal Agency,191.02,123.6,174.44,81.965,376,375.0,99.7340425531915,1236,1238.0,100.16181229773463,Completed
2021-22,2022-02-10,Uttar Pradesh,Varanasi,Ministry of Health & Family Welfare,National Health Mission,Centrally Sponsored (60:40),State Nodal Agency,288.7,198.27,110.37,55.67,431,242.0,56.148491879350345,1952,1098.0,56.25,Ongoing
2024-25,2022-11-21,Kerala,Thiruvananthapuram,Ministry of Health & Family Welfare,National Health Mission,Centrally Sponsored (60:40),Gram Panchayat,74.02,50.23,174.44,81.965,90,30.0,33.33333333333333,3997,1346.0,33.675256442331744,Ongoing
2024-25,2024-12-31,West Bengal,Howrah,Ministry of Health & Family Welfare,National Health Mission,Centrally Sponsored (60:40),District Panchayat / Zilla Parishad,263.13,190.35,162.31,85.27,349,349.0,100.0,1601,1524.0,95.19050593379139,Completed
2024-25,2021-04-10,Rajasthan,Udaipur,Ministry of Health & Family Welfare,National Health Mission,Centrally Sponsored (60:40),Urban Local Body (ULB),517.17,296.89,266.11,89.63,10,9.0,90.0,4807,4429.0,92.13646765134179,Ongoing
2023-24,2024-12-03,Gujarat,Bhavnagar,Ministry of Education,PM Poshan (Mid-Day Meal Scheme),Centrally Sponsored (60:40),District Panchayat / Zilla Parishad,71.15,53.95,44.88,83.19,5,0.0,0.0,4478,0.0,0.0,Ongoing
2022-23,2022-04-13,Bihar, Darbhanga,Ministry of Agriculture & Farmers Welfare,PM Kisan Samman Nidhi,Central Sector,NGO / Partner Organisation,258.88,220.96,213.85,96.78,393,393.0,100.0,3582,3358.0,93.74651032942491,Completed
2024-25,2024-01-02,Gujarat,Ahmedabad,Ministry of Rural Development,Pradhan Mantri Gram Sadak Yojana,Centrally Sponsored (60:40),Gram Panchayat,177.18,94.8,80.63,85.05,459,459.0,100.0,1322,1202.0,90.92284417549168,Completed
2023-24,2022-12-28,Kerala,Kochi,Ministry of Rural Development,Mahatma Gandhi National Rural Employment Guarantee Scheme,Centrally Sponsored (60:40),District Panchayat / Zilla Parishad,139.92,115.37,174.44,81.965,304,0.0,0.0,3688,0.0,0.0,Not Started
2023-24,2023-02-02,Rajasthan,Jaipur,Ministry of Agriculture & Farmers Welfare,PM Kisan Samman Nidhi,Central Sector,Gram Panchayat,92.46,50.71,24.6,48.51,54,18.0,33.33333333333333,1788,574.0,32.10290827740492,Delayed
2024-25,2021-05-14,Gujarat,Bhavnagar,Ministry of Rural Development,Pradhan Mantri Gram Sadak Yojana,Centrally Sponsored (60:40),Urban Local Body (ULB),592.19,420.99,314.21,74.64,258,122.0,47.286821705426355,2184,1002.0,45.879120879120876,Delayed
2024-25,2021-05-04,West Bengal,Durgapur,Ministry of Jal Shakti,Swachh Bharat Mission - Gramin,Centrally Sponsored (60:40),Gram Panchayat,119.17,84.12,27.53,32.73,470,28.0,5.957446808510639,2522,144.0,5.709754163362411,Ongoing
2022-23,2024-04-19,Bihar,muzaffarpur,Ministry of Agriculture & Farmers Welfare,Pradhan Mantri Fasal Bima Yojana,Central Sector,District Panchayat / Zilla Parishad,84.7,43.69,20.73,47.45,152,39.0,25.657894736842106,803,211.0,26.276463262764633,Ongoing
2023-24,2024-12-13,Uttar Pradesh,Lucknow,Ministry of Rural Development,Pradhan Mantri Gram Sadak Yojana,Centrally Sponsored (60:40),Urban Local Body (ULB),114.46,83.24,75.63,90.86,239,237.0,99.16317991631799,4967,4756.0,95.75196295550634,Completed
2023-24,2022-08-03,Tamil Nadu,Coimbatore,Ministry of Agriculture & Farmers Welfare,PM Kisan Samman Nidhi,Central Sector,Gram Panchayat,297.86,277.47,140.51,50.64,207,56.0,27.053140096618357,3595,890.0,24.756606397774686,Ongoing
2022-23,2021-09-24,Tamil Nadu,Madurai,Ministry of Agriculture & Farmers Welfare,Pradhan Mantri Fasal Bima Yojana,Central Sector,Gram Panchayat,270.25,218.39,174.44,81.965,455,455.0,100.0,3918,3536.0,90.25012761613068,Completed
2024-25,2023-02-11,Madhya Pradesh,Indore,Ministry of Education,PM Poshan (Mid-Day Meal Scheme),Centrally Sponsored (60:40),Gram Panchayat,198.67,185.44,0.0,0.0,234,0.0,0.0,4414,0.0,0.0,Not Started
2023-24,2021-06-01,Karnataka,mangaluru,Ministry of Education,PM Poshan (Mid-Day Meal Scheme),Centrally Sponsored (60:40),NGO / Partner Organisation,630.2,401.45,191.99,47.82,82,56.0,68.29268292682927,4666,3153.0,67.57393913416202,Ongoing
2022-23,2022-10-01,Tamil Nadu,Tiruchirappalli,Ministry of Jal Shakti,Swachh Bharat Mission - Gramin,Centrally Sponsored (60:40),Gram Panchayat,59.41,56.8,49.09,86.43,280,279.0,99.64285714285714,4909,4520.0,92.07577918109595,Completed
2023-24,2021-06-19,Karnataka,Hubballi,Ministry of Rural Development,Pradhan Mantri Awas Yojana - Gramin,Centrally Sponsored (60:40),Urban Local Body (ULB),35.23,21.04,20.01,95.1,161,160.0,99.37888198757764,1577,1568.0,99.42929613189601,Completed
2021-22,2024-07-02,West Bengal,Durgapur,Ministry of Education,PM Poshan (Mid-Day Meal Scheme),Centrally Sponsored (60:40),District Panchayat / Zilla Parishad,666.22,406.04,399.29,98.34,89,45.0,50.56179775280899,1046,479.0,45.79349904397706,Ongoing
2021-22,2023-05-14,Kerala,Kochi,Ministry of Agriculture & Farmers Welfare,Pradhan Mantri Fasal Bima Yojana,Central Sector,Gram Panchayat,420.8,360.91,111.54,30.91,451,269.0,59.64523281596452,4033,2345.0,58.145301264567316,Ongoing
2023-24,2023-03-27,West Bengal,Howrah,Ministry of Education,Samagra Shiksha Abhiyan,Centrally Sponsored (60:40),State Nodal Agency,48.36,28.88,12.91,44.7,23,18.0,78.26086956521739,886,718.0,81.03837471783297,Ongoing
2023-24,2022-11-02,Maharashtra,Aurangabad,Ministry of Rural Development,Mahatma Gandhi National Rural Employment Guarantee Scheme,Centrally Sponsored (60:40),NGO / Partner Organisation,581.68,403.9,367.42,90.97,26,25.0,96.15384615384616,999,867.0,86.78678678678679,Completed
2022-23,2024-12-12,Gujarat,Ahmedabad,Ministry of Jal Shakti,Swachh Bharat Mission - Gramin,Centrally Sponsored (60:40),District Panchayat / Zilla Parishad,650.87,353.96,335.62,94.82,303,272.0,89.76897689768977,3856,3316.0,85.99585062240665,Ongoing
2024-25,2024-03-20,Rajasthan, Ajmer,Ministry of Health & Family Welfare,National Health Mission,Centrally Sponsored (60:40),Urban Local Body (ULB),753.2,613.94,510.02,83.07,322,226.0,70.1863354037267,693,466.0,67.24386724386724,Delayed
2022-23,2025-03-11,Kerala,Kollam,Ministry of Health & Family Welfare,National Health Mission,Centrally Sponsored (60:40),District Panchayat / Zilla Parishad,186.9,138.25,136.28,98.58,325,324.0,99.6923076923077,2017,1964.0,97.37233515121467,Completed
2022-23,2024-10-04,Karnataka,Mangaluru ,Ministry of Jal Shakti,Jal Jeevan Mission,Centrally Sponsored (90:10),District Panchayat / Zilla Parishad,183.11,121.14,51.85,42.8,30,10.0,33.33333333333333,1169,379.0,32.42087254063302,Delayed
2024-25,2022-02-22,Gujarat,surat,Ministry of Jal Shakti,Swachh Bharat Mission - Gramin,Centrally Sponsored (60:40),District Panchayat / Zilla Parishad,173.79,97.9,42.37,43.28,476,376.0,78.99159663865547,3853,2810.0,72.93018427199584,Delayed
2024-25,2021-12-27,Bihar,Patna,Ministry of Health & Family Welfare,National Health Mission,Centrally Sponsored (60:40),State Nodal Agency,766.51,692.02,174.44,81.965,127,69.0,54.330708661417326,4858,2748.0,56.566488266776446,Delayed
2021-22,2022-04-28,Gujarat,Vadodara,Ministry of Education,PM Poshan (Mid-Day Meal Scheme),Centrally Sponsored (60:40),District Panchayat / Zilla Parishad,633.08,480.94,301.78,62.75,177,96.0,54.23728813559322,1094,1202.0,109.87202925045705,Ongoing
2023-24,2025-02-09,Madhya Pradesh,Ujjain,Ministry of Jal Shakti,Jal Jeevan Mission,Centrally Sponsored (90:10),NGO / Partner Organisation,529.48,280.04,180.0,64.28,334,169.0,50.59880239520959,4091,2060.0,50.35443656807627,Ongoing
2023-24,2024-01-02,Kerala,Kozhikode,Ministry of Rural Development,Pradhan Mantri Awas Yojana - Gramin,Centrally Sponsored (60:40),State Nodal Agency,224.98,189.57,0.0,0.0,9,0.0,0.0,3635,1202.0,33.06740027510317,Not Started
2021-22,2024-04-24,Madhya Pradesh,gwalior,Ministry of Rural Development,Pradhan Mantri Awas Yojana - Gramin,Centrally Sponsored (60:40),NGO / Partner Organisation,74.51,56.53,43.02,76.1,455,67.0,14.725274725274726,1644,250.0,15.206812652068127,Delayed
2023-24,2022-05-17,Tamil Nadu,Salem,Ministry of Health & Family Welfare,National Health Mission,Centrally Sponsored (60:40),Urban Local Body (ULB),164.84,153.32,128.94,84.1,138,66.0,47.82608695652174,4685,2246.0,47.94023479188901,Ongoing
2021-22,2022-04-09,Rajasthan,Udaipur,Ministry of Agriculture & Farmers Welfare,PM Kisan Samman Nidhi,Central Sector,District Panchayat / Zilla Parishad,474.58,333.52,174.44,81.965,470,468.0,99.57446808510639,1684,1692.0,100.4750593824228,Completed
2024-25,2021-04-18,Rajasthan,Kota,Ministry of Jal Shakti,Swachh Bharat Mission - Gramin,Centrally Sponsored (60:40),State Nodal Agency,368.74,189.04,179.91,95.17,349,228.0,65.32951289398281,283,192.0,67.84452296819788,Delayed
2024-25,2024-11-10,Tamil Nadu, Tiruchirappalli,Ministry of Jal Shakti,Jal Jeevan Mission,Centrally Sponsored (90:10),Gram Panchayat,130.61,124.82,111.14,89.04,367,223.0,60.76294277929155,3323,2045.0,61.540776406861276,Ongoing
2022-23,2021-09-15,Bihar,Muzaffarpur,Ministry of Jal Shakti,Swachh Bharat Mission - Gramin,Centrally Sponsored (60:40),Gram Panchayat,171.0,148.98,84.77,56.9,169,129.0,76.33136094674556,2008,996.0,49.60159362549801,Ongoing
2022-23,2023-04-18,West Bengal,Howrah,Ministry of Health & Family Welfare,National Health Mission,Centrally Sponsored (60:40),Gram Panchayat,319.88,296.16,287.48,97.07,108,108.0,100.0,3950,3958.0,100.20253164556962,Completed
2023-24,2024-12-31,Kerala,Kozhikode,Ministry of Rural Development,Mahatma Gandhi National Rural Employment Guarantee Scheme,Centrally Sponsored (60:40),State Nodal Agency,293.28,286.97,257.81,89.84,175,175.0,100.0,1255,1227.0,97.76892430278885,Completed
2023-24,2021-08-01,Uttar Pradesh,Agra,Ministry of Jal Shakti,Jal Jeevan Mission,Centrally Sponsored (90:10),Urban Local Body (ULB),230.13,160.27,0.0,0.0,396,0.0,0.0,1579,0.0,0.0,Not Started
2022-23,2024-07-18,Gujarat,Surat,Ministry of Jal Shakti,Swachh Bharat Mission - Gramin,Centrally Sponsored (60:40),NGO / Partner Organisation,425.51,397.45,365.22,91.89,139,139.0,100.0,2004,2018.0,100.69860279441119,Completed
2023-24,2023-12-20,Kerala,kollam,Ministry of Jal Shakti,Swachh Bharat Mission - Gramin,Centrally Sponsored (60:40),Gram Panchayat,714.03,628.66,535.76,85.22,418,134.0,32.057416267942585,3723,1245.0,33.440773569701854,Ongoing
2024-25,2022-11-04,West Bengal,Asansol,Ministry of Education,PM Poshan (Mid-Day Meal Scheme),Centrally Sponsored (60:40),State Nodal Agency,205.9,160.43,74.38,46.36,89,52.0,58.42696629213483,4017,2113.0,52.60144386357979,Ongoing
2023-24,2021-08-17,Gujarat,Ahmedabad,Ministry of Health & Family Welfare,National Health Mission,Centrally Sponsored (60:40),Gram Panchayat,68.08,39.94,29.45,73.74,444,340.0,76.57657657657657,3512,2640.0,75.17084282460137,Ongoing
2024-25,2021-08-25,Madhya Pradesh,Ujjain ,Ministry of Health & Family Welfare,Ayushman Bharat - Pradhan Mantri Jan Arogya Yojana,Centrally Sponsored (60:40),Gram Panchayat,366.9,349.34,341.91,97.87,177,176.0,99.43502824858757,1838,1852.0,100.76169749727966,Completed
2023-24,2023-12-13,Gujarat,Bhavnagar,Ministry of Agriculture & Farmers Welfare,Pradhan Mantri Fasal Bima Yojana,Central Sector,Gram Panchayat,767.29,679.31,0.0,0.0,295,0.0,0.0,3001,0.0,0.0,Not Started
2021-22,2023-07-02,Gujarat,rajkot,Ministry of Rural Development,Pradhan Mantri Awas Yojana - Gramin,Centrally Sponsored (60:40),NGO / Partner Organisation,774.78,632.24,390.7,61.8,179,41.0,22.905027932960895,3157,657.0,20.81089642065252,Delayed
2024-25,2022-05-09,West Bengal,Siliguri,Ministry of Health & Family Welfare,Ayushman Bharat - Pradhan Mantri Jan Arogya Yojana,Centrally Sponsored (60:40),Urban Local Body (ULB),629.07,622.18,557.63,89.63,87,59.0,67.81609195402298,2583,1690.0,65.4277971351142,Ongoing
2023-24,2025-01-31,Madhya Pradesh,Jabalpur,Ministry of Agriculture & Farmers Welfare,PM Kisan Samman Nidhi,Central Sector,Urban Local Body (ULB),169.24,149.43,146.62,98.12,229,227.0,99.12663755458514,2173,1202.0,55.315232397607,Completed
2022-23,2021-10-26,Kerala,Kozhikode,Ministry of Jal Shakti,Swachh Bharat Mission - Gramin,Centrally Sponsored (60:40),State Nodal Agency,738.53,405.11,366.65,90.51,150,148.0,98.66666666666667,4638,4365.0,94.11384217335058,Completed
2022-23,2024-03-10,Karnataka,Mysuru,Ministry of Rural Development,Pradhan Mantri Gram Sadak Yojana,Centrally Sponsored (60:40),State Nodal Agency,422.59,356.67,303.89,85.2,418,416.0,99.52153110047847,4627,4638.0,100.23773503349902,Completed
2024-25,2022-04-10,Gujarat,Rajkot,Ministry of Jal Shakti,Swachh Bharat Mission - Gramin,Centrally Sponsored (60:40),Urban Local Body (ULB),356.69,182.12,83.88,46.06,481,321.0,66.73596673596674,1803,1210.0,67.11037160288407,Delayed
2021-22,2023-11-07,Bihar,Bhagalpur,Ministry of Education,PM Poshan (Mid-Day Meal Scheme),Centrally Sponsored (60:40),Gram Panchayat,29.95,25.26,25.02,99.05,192,79.0,41.14583333333333,1736,676.0,38.94009216589861,Delayed
2021-22,2021-04-25,Madhya Pradesh,Jabalpur,Ministry of Education,PM Poshan (Mid-Day Meal Scheme),Centrally Sponsored (60:40),State Nodal Agency,61.0,33.37,31.47,94.31,56,56.0,100.0,1261,1193.0,94.60745440126882,Completed
2021-22,2022-05-11,Tamil Nadu,Coimbatore,Ministry of Health & Family Welfare,Ayushman Bharat - Pradhan Mantri Jan Arogya Yojana,Centrally Sponsored (60:40),State Nodal Agency,187.98,97.55,48.77,49.99,22,10.0,45.45454545454545,1097,455.0,41.4767547857794,Delayed
2021-22,2022-12-24,West Bengal,Durgapur,Ministry of Rural Development,Mahatma Gandhi National Rural Employment Guarantee Scheme,Centrally Sponsored (60:40),State Nodal Agency,675.91,450.17,245.4,54.51,182,139.0,76.37362637362637,2811,2052.0,72.99893276414087,Ongoing
2024-25,2025-02-19,Maharashtra,Nashik,Ministry of Rural Development,Mahatma Gandhi National Rural Employment Guarantee Scheme,Centrally Sponsored (60:40),District Panchayat / Zilla Parishad,256.69,232.71,119.29,51.26,79,62.0,78.48101265822784,959,690.0,71.94994786235662,Ongoing
2023-24,2022-03-09,Kerala,Kollam,Ministry of Health & Family Welfare,Ayushman Bharat - Pradhan Mantri Jan Arogya Yojana,Centrally Sponsored (60:40),Urban Local Body (ULB),459.11,347.78,287.48,82.66,160,86.0,53.75,3378,1735.0,51.361752516281825,Ongoing
2022-23,2023-03-19,Gujarat,Ahmedabad,Ministry of Jal Shakti,Jal Jeevan Mission,Centrally Sponsored (90:10),District Panchayat / Zilla Parishad,645.08,470.38,437.36,92.98,283,281.0,99.29328621908127,3085,3081.0,99.87034035656403,Completed
2022-23,2022-11-22,Madhya Pradesh,Bhopal,Ministry of Agriculture & Farmers Welfare,PM Kisan Samman Nidhi,Central Sector,Gram Panchayat,270.71,154.02,93.14,60.47,151,129.0,85.43046357615894,1624,1642.0,101.10837438423646,Ongoing
2021-22,2022-06-18,Tamil Nadu, Salem,Ministry of Rural Development,Mahatma Gandhi National Rural Employment Guarantee Scheme,Centrally Sponsored (60:40),State Nodal Agency,794.38,781.38,725.56,92.86,220,220.0,100.0,3012,3026.0,100.46480743691899,Completed
2023-24,2021-11-26,West Bengal,Siliguri,Ministry of Education,PM Poshan (Mid-Day Meal Scheme),Centrally Sponsored (60:40),District Panchayat / Zilla Parishad,330.65,174.89,167.52,95.79,195,194.0,99.48717948717949,1903,1736.0,91.22438255386233,Completed
2024-25,2023-11-23,Gujarat,rajkot,Ministry of Rural Development,Pradhan Mantri Awas Yojana - Gramin,Centrally Sponsored (60:40),NGO / Partner Organisation,191.61,144.47,98.85,68.42,15,8.0,53.333333333333336,1261,612.0,48.53291038858049,Ongoing
2024-25,2024-04-12,Kerala,Thiruvananthapuram,Ministry of Rural Development,Mahatma Gandhi National Rural Employment Guarantee Scheme,Centrally Sponsored (60:40),Gram Panchayat,779.65,507.76,475.47,93.64,205,119.0,58.048780487804876,419,232.0,55.36992840095465,Delayed
2021-22,2025-02-27,Rajasthan,Udaipur,Ministry of Rural Development,Pradhan Mantri Gram Sadak Yojana,Centrally Sponsored (60:40),Gram Panchayat,685.61,558.31,555.81,99.55,296,295.0,99.66216216216216,1048,1002.0,95.61068702290076,Completed
2024-25,2024-02-08,Maharashtra,Aurangabad,Ministry of Agriculture & Farmers Welfare,Pradhan Mantri Fasal Bima Yojana,Central Sector,District Panchayat / Zilla Parishad,84.19,75.94,40.35,53.13,106,2.0,1.8867924528301887,4935,1202.0,24.35663627152989,Ongoing
2024-25,2024-05-07,Maharashtra,Aurangabad,Ministry of Rural Development,Mahatma Gandhi National Rural Employment Guarantee Scheme,Centrally Sponsored (60:40),Gram Panchayat,93.38,91.55,79.85,87.22,459,200.0,43.57298474945534,4821,2109.0,43.74611076540137,Delayed
2024-25,2023-04-09,Madhya Pradesh,Indore ,Ministry of Jal Shakti,Jal Jeevan Mission,Centrally Sponsored (90:10),Gram Panchayat,443.82,298.98,123.86,41.43,317,129.0,40.694006309148264,1677,1028.0,61.299940369707805,Ongoing
2022-23,2022-09-22,Kerala,Kochi,Ministry of Health & Family Welfare,Ayushman Bharat - Pradhan Mantri Jan Arogya Yojana,Centrally Sponsored (60:40),Gram Panchayat,760.14,427.45,244.61,57.23,395,372.0,94.17721518987342,4614,1202.0,26.051148677936713,Ongoing
2024-25,2024-01-15,Maharashtra,Kolhapur,Ministry of Jal Shakti,Swachh Bharat Mission - Gramin,Centrally Sponsored (60:40),State Nodal Agency,400.79,308.79,198.41,64.25,9,3.0,33.33333333333333,4341,1389.0,31.997235659986178,Delayed
2023-24,2021-12-09,Bihar,Gaya,Ministry of Jal Shakti,Jal Jeevan Mission,Centrally Sponsored (90:10),District Panchayat / Zilla Parishad,529.94,438.36,370.55,84.53,370,335.0,90.54054054054053,2440,2035.0,83.40163934426229,Ongoing
2024-25,2024-05-22,Bihar, Bhagalpur,Ministry of Education,PM Poshan (Mid-Day Meal Scheme),Centrally Sponsored (60:40),District Panchayat / Zilla Parishad,236.45,123.44,74.26,60.16,216,129.0,59.72222222222222,2323,1605.0,69.09169177787345,Delayed
2024-25,2023-11-04,Tamil Nadu, Tiruchirappalli,Ministry of Jal Shakti,Swachh Bharat Mission - Gramin,Centrally Sponsored (60:40),District Panchayat / Zilla Parishad,390.35,288.8,245.74,85.09,337,335.0,99.40652818991099,2076,2062.0,99.32562620423893,Completed
2024-25,2022-02-03,Rajasthan,Ajmer,Ministry of Health & Family Welfare,National Health Mission,Centrally Sponsored (60:40),State Nodal Agency,386.65,272.68,237.85,87.23,312,311.0,99.67948717948718,2677,2553.0,95.36794919686216,Completed
2024-25,2022-04-23,Gujarat,Ahmedabad,Ministry of Health & Family Welfare,National Health Mission,Centrally Sponsored (60:40),Urban Local Body (ULB),199.4,131.43,120.41,91.62,386,386.0,100.0,3415,3431.0,100.46852122986823,Completed
2022-23,2021-04-04,Maharashtra,Pune ,Ministry of Rural Development,Pradhan Mantri Awas Yojana - Gramin,Centrally Sponsored (60:40),District Panchayat / Zilla Parishad,409.34,293.41,150.75,51.38,489,385.0,78.7321063394683,3136,2257.0,71.97066326530613,Ongoing
2024-25,2022-11-06,Tamil Nadu,Chennai,Ministry of Health & Family Welfare,Ayushman Bharat - Pradhan Mantri Jan Arogya Yojana,Centrally Sponsored (60:40),Gram Panchayat,60.54,60.16,26.9,44.71,173,137.0,79.1907514450867,4538,3556.0,78.36051123843103,Delayed
2024-25,2021-11-08,Bihar,darbhanga,Ministry of Health & Family Welfare,Ayushman Bharat - Pradhan Mantri Jan Arogya Yojana,Centrally Sponsored (60:40),District Panchayat / Zilla Parishad,705.61,467.69,220.72,47.19,430,166.0,38.604651162790695,3900,1387.0,35.56410256410256,Delayed
2023-24,2021-08-22,Maharashtra, Nashik,Ministry of Education,Samagra Shiksha Abhiyan,Centrally Sponsored (60:40),Gram Panchayat,447.86,340.06,314.66,92.53,470,470.0,100.0,2748,2761.0,100.4730713245997,Completed
2024-25,2024-01-22,Bihar,Darbhanga,Ministry of Rural Development,Pradhan Mantri Awas Yojana - Gramin,Centrally Sponsored (60:40),State Nodal Agency,198.77,149.74,125.51,83.82,485,112.0,23.09278350515464,2572,559.0,21.73405909797823,Ongoing
2023-24,2022-01-12,Tamil Nadu,Salem,Ministry of Health & Family Welfare,Ayushman Bharat - Pradhan Mantri Jan Arogya Yojana,Centrally Sponsored (60:40),State Nodal Agency,409.27,378.7,329.66,87.05,423,423.0,100.0,1987,1991.0,100.20130850528435,Completed
2024-25,2024-12-06,Rajasthan, Ajmer,Ministry of Rural Development,Mahatma Gandhi National Rural Employment Guarantee Scheme,Centrally Sponsored (60:40),Gram Panchayat,775.72,539.21,492.94,91.42,325,324.0,99.6923076923077,1789,1723.0,96.31078814980437,Completed
2023-24,2022-01-23,Uttar Pradesh,Varanasi,Ministry of Jal Shakti,Jal Jeevan Mission,Centrally Sponsored (90:10),District Panchayat / Zilla Parishad,123.82,122.63,107.54,87.69,436,435.0,99.77064220183486,2547,2556.0,100.35335689045937,Completed
2022-23,2021-09-16,West Bengal,siliguri,Ministry of Rural Development,Mahatma Gandhi National Rural Employment Guarantee Scheme,Centrally Sponsored (60:40),District Panchayat / Zilla Parishad,55.18,52.74,31.44,59.61,103,72.0,69.90291262135922,4873,3081.0,63.22593884670634,Ongoing
2024-25,2024-07-30,West Bengal, Siliguri,Ministry of Health & Family Welfare,National Health Mission,Centrally Sponsored (60:40),Gram Panchayat,438.16,248.73,233.88,94.03,377,375.0,99.46949602122017,2791,2794.0,100.10748835542816,Completed
2022-23,2022-10-27,Tamil Nadu,Coimbatore,Ministry of Rural Development,Mahatma Gandhi National Rural Employment Guarantee Scheme,Centrally Sponsored (60:40),State Nodal Agency,135.95,80.9,41.45,51.24,236,0.0,0.0,1007,1202.0,119.36444885799405,Ongoing
2024-25,2023-09-04,Rajasthan,Udaipur,Ministry of Health & Family Welfare,Ayushman Bharat - Pradhan Mantri Jan Arogya Yojana,Centrally Sponsored (60:40),Gram Panchayat,64.64,47.26,44.0,93.1,61,57.0,93.44262295081968,1002,850.0,84.83033932135729,Ongoing
2021-22,2022-11-15,Karnataka,Mysuru,Ministry of Education,PM Poshan (Mid-Day Meal Scheme),Centrally Sponsored (60:40),State Nodal Agency,609.17,321.4,0.0,0.0,497,0.0,0.0,2731,0.0,0.0,Not Started
2022-23,2024-07-08,Madhya Pradesh,Ujjain,Ministry of Health & Family Welfare,National Health Mission,Centrally Sponsored (60:40),State Nodal Agency,267.79,141.62,0.0,0.0,453,0.0,0.0,3330,0.0,0.0,Not Started
2024-25,2021-04-19,Tamil Nadu,Salem,Ministry of Jal Shakti,Jal Jeevan Mission,Centrally Sponsored (90:10),District Panchayat / Zilla Parishad,644.84,563.66,283.09,50.22,81,7.0,8.641975308641975,3835,330.0,8.604954367666231,Delayed
2022-23,2022-11-30,Tamil Nadu,Coimbatore,Ministry of Agriculture & Farmers Welfare,PM Kisan Samman Nidhi,Central Sector,Urban Local Body (ULB),290.99,282.82,252.92,89.43,269,28.0,10.408921933085502,3983,403.0,10.118001506402209,Ongoing
2022-23,2023-05-25,West Bengal,Kolkata,Ministry of Education,Samagra Shiksha Abhiyan,Centrally Sponsored (60:40),State Nodal Agency,634.29,317.58,133.78,42.12,331,245.0,74.01812688821752,2807,2053.0,73.13858211613822,Delayed
2023-24,2024-09-26,Tamil Nadu,Tiruchirappalli,Ministry of Education,Samagra Shiksha Abhiyan,Centrally Sponsored (60:40),State Nodal Agency,737.29,647.0,561.03,86.71,327,326.0,99.69418960244649,4302,4223.0,98.16364481636448,Completed
2024-25,2023-03-21,Gujarat,Vadodara,Ministry of Agriculture & Farmers Welfare,PM Kisan Samman Nidhi,Central Sector,District Panchayat / Zilla Parishad,67.39,54.83,174.44,81.965,465,463.0,99.56989247311829,769,783.0,101.82054616384914,Completed
2023-24,2024-03-12,Kerala, Thrissur,Ministry of Health & Family Welfare,Ayushman Bharat - Pradhan Mantri Jan Arogya Yojana,Centrally Sponsored (60:40),Urban Local Body (ULB),47.9,32.53,16.3,50.11,266,4.0,1.5037593984962405,1885,27.0,1.4323607427055705,Ongoing
2023-24,2024-03-23,Tamil Nadu,Madurai ,Ministry of Education,Samagra Shiksha Abhiyan,Centrally Sponsored (60:40),State Nodal Agency,359.63,233.5,104.64,44.81,415,375.0,90.36144578313254,1276,1094.0,85.73667711598746,Ongoing
2023-24,2021-12-21,Rajasthan,Kota,Ministry of Agriculture & Farmers Welfare,PM Kisan Samman Nidhi,Central Sector,NGO / Partner Organisation,714.04,528.64,339.22,64.17,41,27.0,65.85365853658537,347,227.0,65.4178674351585,Ongoing
2023-24,2024-05-09,Kerala,Kochi,Ministry of Jal Shakti,Swachh Bharat Mission - Gramin,Centrally Sponsored (60:40),Urban Local Body (ULB),755.23,388.26,343.98,88.6,231,230.0,99.56709956709958,1180,1202.0,101.86440677966102,Completed
2023-24,2022-08-29,Karnataka,Bengaluru,Ministry of Rural Development,Pradhan Mantri Gram Sadak Yojana,Centrally Sponsored (60:40),Gram Panchayat,269.2,261.58,229.73,87.82,66,4.0,6.0606060606060606,3467,211.0,6.085953273723681,Delayed
2024-25,2024-01-26,Gujarat,vadodara,Ministry of Health & Family Welfare,Ayushman Bharat - Pradhan Mantri Jan Arogya Yojana,Centrally Sponsored (60:40),State Nodal Agency,600.58,444.03,426.13,95.97,328,328.0,100.0,3664,3665.0,100.02729257641923,Completed
2021-22,2024-11-22,West Bengal, Kolkata,Ministry of Rural Development,Pradhan Mantri Awas Yojana - Gramin,Centrally Sponsored (60:40),Gram Panchayat,182.53,117.93,45.63,38.69,7,1.0,14.285714285714285,1601,219.0,13.678950655840099,Ongoing
2023-24,2021-04-08,Kerala,Kochi,Ministry of Jal Shakti,Swachh Bharat Mission - Gramin,Centrally Sponsored (60:40),Gram Panchayat,579.24,523.77,324.55,61.96,220,206.0,93.63636363636364,3426,2969.0,86.66082895504962,Ongoing
2022-23,2022-01-14,Gujarat,Rajkot,Ministry of Education,PM Poshan (Mid-Day Meal Scheme),Centrally Sponsored (60:40),District Panchayat / Zilla Parishad,80.27,75.24,65.92,87.61,485,485.0,100.0,1247,1180.0,94.6271050521251,Completed
2022-23,2023-10-24,West Bengal,Durgapur,Ministry of Agriculture & Farmers Welfare,PM Kisan Samman Nidhi,Central Sector,District Panchayat / Zilla Parishad,90.98,59.57,50.69,85.09,51,51.0,100.0,1867,1718.0,92.01928227102303,Completed
2023-24,2022-10-11,Madhya Pradesh,Bhopal,Ministry of Education,PM Poshan (Mid-Day Meal Scheme),Centrally Sponsored (60:40),State Nodal Agency,358.24,318.5,253.2,79.5,330,297.0,90.0,1993,1705.0,85.54942298043152,Delayed
2021-22,2021-05-25,Maharashtra, Aurangabad,Ministry of Health & Family Welfare,National Health Mission,Centrally Sponsored (60:40),Urban Local Body (ULB),746.98,480.66,0.0,0.0,280,0.0,0.0,391,0.0,0.0,Not Started
2022-23,2021-10-05,West Bengal,Durgapur,Ministry of Health & Family Welfare,National Health Mission,Centrally Sponsored (60:40),District Panchayat / Zilla Parishad,453.33,367.87,351.98,95.68,496,496.0,100.0,2289,2085.0,91.08781127129751,Completed
2023-24,2023-05-19,Tamil Nadu,Chennai ,Ministry of Education,Samagra Shiksha Abhiyan,Centrally Sponsored (60:40),District Panchayat / Zilla Parishad,691.99,584.93,568.71,97.23,450,448.0,99.55555555555556,1190,1189.0,99.91596638655463,Completed
2023-24,2023-06-28,West Bengal,Durgapur,Ministry of Education,PM Poshan (Mid-Day Meal Scheme),Centrally Sponsored (60:40),State Nodal Agency,327.74,294.35,163.44,55.53,460,367.0,79.78260869565217,828,667.0,80.55555555555556,Ongoing
2021-22,2022-11-19,Rajasthan,Jodhpur,Ministry of Rural Development,Pradhan Mantri Awas Yojana - Gramin,Centrally Sponsored (60:40),NGO / Partner Organisation,548.24,403.45,401.49,99.51,193,192.0,99.48186528497409,3941,3633.0,92.1847246891652,Completed
2023-24,2024-02-19,Maharashtra,pune,Ministry of Education,PM Poshan (Mid-Day Meal Scheme),Centrally Sponsored (60:40),State Nodal Agency,299.87,180.67,159.72,88.4,275,275.0,100.0,1517,1528.0,100.7251153592617,Completed
2023-24,2023-11-05,Tamil Nadu,Chennai,Ministry of Agriculture & Farmers Welfare,Pradhan Mantri Fasal Bima Yojana,Central Sector,State Nodal Agency,98.17,84.48,0.0,0.0,39,0.0,0.0,287,0.0,0.0,Not Started
2023-24,2023-11-27,West Bengal,Durgapur ,Ministry of Agriculture & Farmers Welfare,PM Kisan Samman Nidhi,Central Sector,Gram Panchayat,710.6,631.77,453.94,71.85,55,32.0,58.18181818181818,4261,2307.0,54.14222013611828,Ongoing
2023-24,2024-01-03,Madhya Pradesh,jabalpur,Ministry of Rural Development,Pradhan Mantri Awas Yojana - Gramin,Centrally Sponsored (60:40),District Panchayat / Zilla Parishad,275.27,264.07,174.44,81.965,300,298.0,99.33333333333333,352,330.0,93.75,Completed
2021-22,2024-10-31,Kerala,Thiruvananthapuram,Ministry of Rural Development,Mahatma Gandhi National Rural Employment Guarantee Scheme,Centrally Sponsored (60:40),Urban Local Body (ULB),158.3,141.52,58.62,41.42,498,268.0,53.81526104417671,1059,586.0,55.33522190745986,Ongoing
2023-24,2025-01-09,Madhya Pradesh,Gwalior,Ministry of Health & Family Welfare,Ayushman Bharat - Pradhan Mantri Jan Arogya Yojana,Centrally Sponsored (60:40),State Nodal Agency,116.16,68.04,64.16,94.3,63,62.0,98.4126984126984,3771,3476.0,92.17714134181915,Completed
2021-22,2024-10-23,Bihar,Patna,Ministry of Jal Shakti,Swachh Bharat Mission - Gramin,Centrally Sponsored (60:40),Gram Panchayat,235.66,142.52,96.95,68.03,37,16.0,43.24324324324324,4002,1601.0,40.00499750124937,Delayed
2021-22,2024-04-24,Maharashtra, Pune,Ministry of Rural Development,Pradhan Mantri Gram Sadak Yojana,Centrally Sponsored (60:40),Gram Panchayat,332.69,332.07,0.0,0.0,151,129.0,85.43046357615894,2900,0.0,0.0,Not Started
2023-24,2024-12-09,Gujarat, Rajkot,Ministry of Rural Development,Pradhan Mantri Gram Sadak Yojana,Centrally Sponsored (60:40),Gram Panchayat,773.99,441.22,439.95,99.71,66,64.0,96.96969696969697,637,558.0,87.59811616954474,Completed
2023-24,2022-05-27,Rajasthan,Jodhpur,Ministry of Agriculture & Farmers Welfare,PM Kisan Samman Nidhi,Central Sector,State Nodal Agency,767.21,505.51,454.43,89.9,92,77.0,83.69565217391305,2848,2219.0,77.91432584269663,Ongoing
2023-24,2024-11-04,West Bengal,Durgapur,Ministry of Jal Shakti,Swachh Bharat Mission - Gramin,Centrally Sponsored (60:40),Urban Local Body (ULB),284.6,260.34,248.72,95.54,271,269.0,99.2619926199262,263,248.0,94.29657794676805,Completed
2022-23,2024-11-21,Maharashtra,nagpur,Ministry of Health & Family Welfare,National Health Mission,Centrally Sponsored (60:40),District Panchayat / Zilla Parishad,631.29,362.42,355.14,97.99,57,57.0,100.0,2494,2502.0,100.32076984763432,Completed
2024-25,2022-01-18,Rajasthan,Jaipur,Ministry of Agriculture & Farmers Welfare,Pradhan Mantri Fasal Bima Yojana,Central Sector,State Nodal Agency,395.02,302.53,257.52,85.12,56,56.0,100.0,1563,1464.0,93.66602687140116,Completed
2022-23,2024-07-10,Rajasthan,Kota,Ministry of Rural Development,Pradhan Mantri Gram Sadak Yojana,Centrally Sponsored (60:40),Gram Panchayat,175.48,94.48,93.8,99.28,142,140.0,98.59154929577466,2939,2641.0,89.86049676760803,Completed
2024-25,2021-05-24,Gujarat, Ahmedabad,Ministry of Health & Family Welfare,Ayushman Bharat - Pradhan Mantri Jan Arogya Yojana,Centrally Sponsored (60:40),District Panchayat / Zilla Parishad,241.95,198.21,120.12,60.6,302,115.0,38.079470198675494,2917,1036.0,35.51594103531025,Ongoing
2022-23,2022-08-03,Uttar Pradesh,varanasi,Ministry of Jal Shakti,Swachh Bharat Mission - Gramin,Centrally Sponsored (60:40),District Panchayat / Zilla Parishad,597.27,303.21,268.06,88.41,33,31.0,93.93939393939394,4790,4357.0,90.96033402922755,Completed
2022-23,2021-06-01,West Bengal,howrah,Ministry of Jal Shakti,Swachh Bharat Mission - Gramin,Centrally Sponsored (60:40),Urban Local Body (ULB),41.17,37.53,19.27,51.35,495,86.0,17.373737373737374,4338,710.0,16.366989396035038,Ongoing
2021-22,2024-08-15,Karnataka,Mysuru,Ministry of Rural Development,Mahatma Gandhi National Rural Employment Guarantee Scheme,Centrally Sponsored (60:40),NGO / Partner Organisation,312.98,185.97,164.45,88.43,48,48.0,100.0,1514,1465.0,96.76354029062088,Completed
2021-22,2022-02-18,Tamil Nadu,Salem,Ministry of Rural Development,Pradhan Mantri Gram Sadak Yojana,Centrally Sponsored (60:40),Gram Panchayat,297.06,291.38,174.44,81.965,128,43.0,33.59375,1526,532.0,34.862385321100916,Ongoing
2022-23,2024-06-04,Kerala,Kollam,Ministry of Health & Family Welfare,National Health Mission,Centrally Sponsored (60:40),District Panchayat / Zilla Parishad,736.44,480.7,462.3,96.17,244,243.0,99.59016393442623,3946,1202.0,30.461226558540293,Completed
2022-23,2025-03-24,Uttar Pradesh,Lucknow,Ministry of Agriculture & Farmers Welfare,PM Kisan Samman Nidhi,Central Sector,State Nodal Agency,54.41,40.86,34.61,84.7,410,223.0,54.390243902439025,2095,1074.0,51.26491646778043,Ongoing
2024-25,2024-03-01,West Bengal,Asansol,Ministry of Rural Development,Mahatma Gandhi National Rural Employment Guarantee Scheme,Centrally Sponsored (60:40),Urban Local Body (ULB),356.79,210.49,154.07,73.2,170,114.0,67.05882352941175,1160,747.0,64.39655172413794,Ongoing
2024-25,2024-03-08,Maharashtra, Kolhapur,Ministry of Health & Family Welfare,Ayushman Bharat - Pradhan Mantri Jan Arogya Yojana,Centrally Sponsored (60:40),State Nodal Agency,554.88,523.88,174.44,81.965,381,380.0,99.73753280839895,4730,4346.0,91.88160676532769,Completed
2023-24,2023-03-22,Tamil Nadu,Coimbatore,Ministry of Education,Samagra Shiksha Abhiyan,Centrally Sponsored (60:40),Gram Panchayat,691.45,539.49,0.0,0.0,258,0.0,0.0,366,0.0,0.0,Not Started
2023-24,2021-08-17,Bihar,bhagalpur,Ministry of Rural Development,Mahatma Gandhi National Rural Employment Guarantee Scheme,Centrally Sponsored (60:40),District Panchayat / Zilla Parishad,425.08,421.55,415.9,98.66,127,125.0,98.4251968503937,4013,4011.0,99.95016197358585,Completed
2023-24,2021-06-11,Kerala,Kollam,Ministry of Education,PM Poshan (Mid-Day Meal Scheme),Centrally Sponsored (60:40),District Panchayat / Zilla Parishad,714.22,398.9,322.44,80.83,257,239.0,92.99610894941634,3095,2863.0,92.50403877221325,Delayed
2024-25,2022-07-11,Rajasthan, Kota,Ministry of Agriculture & Farmers Welfare,Pradhan Mantri Fasal Bima Yojana,Central Sector,Urban Local Body (ULB),714.0,609.18,584.19,95.9,67,66.0,98.50746268656717,3205,3043.0,94.94539781591264,Completed
2023-24,2021-11-05,Maharashtra,Nashik ,Ministry of Education,PM Poshan (Mid-Day Meal Scheme),Centrally Sponsored (60:40),Gram Panchayat,119.4,64.65,21.84,33.78,338,155.0,45.857988165680474,2664,1103.0,41.4039039039039,Ongoing
2021-22,2023-05-03,Gujarat,Ahmedabad,Ministry of Education,Samagra Shiksha Abhiyan,Centrally Sponsored (60:40),Gram Panchayat,69.39,40.69,32.83,80.68,413,266.0,64.40677966101694,3352,2010.0,59.96420047732697,Ongoing
2022-23,2023-09-22,Rajasthan,jodhpur,Ministry of Jal Shakti,Swachh Bharat Mission - Gramin,Centrally Sponsored (60:40),Urban Local Body (ULB),644.46,323.08,316.19,97.87,353,352.0,99.71671388101983,3841,3608.0,93.93387138765947,Completed
2024-25,2021-10-27,Bihar,Bhagalpur,Ministry of Rural Development,Pradhan Mantri Awas Yojana - Gramin,Centrally Sponsored (60:40),Gram Panchayat,421.75,229.08,179.67,78.43,248,87.0,35.08064516129033,1396,500.0,35.816618911174785,Ongoing
2021-22,2024-11-28,Kerala,Thrissur,Ministry of Health & Family Welfare,National Health Mission,Centrally Sponsored (60:40),State Nodal Agency,277.33,220.84,124.44,56.35,455,161.0,35.38461538461539,3180,1169.0,36.76100628930817,Ongoing
2023-24,2021-05-21,Kerala, Kollam,Ministry of Rural Development,Mahatma Gandhi National Rural Employment Guarantee Scheme,Centrally Sponsored (60:40),NGO / Partner Organisation,212.57,146.51,131.55,89.79,261,259.0,99.23371647509579,4152,3802.0,91.57032755298651,Completed
2022-23,2022-08-15,Madhya Pradesh, Ujjain,Ministry of Education,PM Poshan (Mid-Day Meal Scheme),Centrally Sponsored (60:40),Gram Panchayat,233.44,196.35,180.38,91.87,251,249.0,99.20318725099602,4489,4359.0,97.10403207841391,Completed
2022-23,2024-03-18,Madhya Pradesh,Gwalior,Ministry of Education,PM Poshan (Mid-Day Meal Scheme),Centrally Sponsored (60:40),District Panchayat / Zilla Parishad,585.29,538.25,262.29,48.73,493,443.0,89.8580121703854,549,453.0,82.5136612021858,Delayed
2022-23,2024-02-01,Uttar Pradesh,Varanasi ,Ministry of Education,PM Poshan (Mid-Day Meal Scheme),Centrally Sponsored (60:40),State Nodal Agency,260.79,186.54,0.0,0.0,326,0.0,0.0,2849,0.0,0.0,Not Started
2021-22,2024-04-02,Rajasthan,Kota,Ministry of Jal Shakti,Swachh Bharat Mission - Gramin,Centrally Sponsored (60:40),Gram Panchayat,204.14,143.04,129.88,90.8,398,396.0,99.49748743718592,2349,2355.0,100.25542784163474,Completed
2021-22,2023-08-21,Maharashtra,Nashik,Ministry of Jal Shakti,Swachh Bharat Mission - Gramin,Centrally Sponsored (60:40),Gram Panchayat,42.42,27.43,11.15,40.65,186,15.0,8.064516129032258,466,35.0,7.510729613733906,Ongoing
2022-23,2024-09-10,Tamil Nadu,Coimbatore,Ministry of Jal Shakti,Swachh Bharat Mission - Gramin,Centrally Sponsored (60:40),Gram Panchayat,666.56,580.84,568.85,97.94,133,129.0,96.99248120300751,1262,1273.0,100.8716323296355,Completed
2024-25,2022-08-09,Uttar Pradesh,agra,Ministry of Health & Family Welfare,Ayushman Bharat - Pradhan Mantri Jan Arogya Yojana,Centrally Sponsored (60:40),Urban Local Body (ULB),214.64,189.73,161.13,84.93,393,111.0,28.24427480916031,1223,358.0,29.27228127555192,Delayed
2022-23,2021-04-08,Tamil Nadu,Coimbatore,Ministry of Agriculture & Farmers Welfare,PM Kisan Samman Nidhi,Central Sector,Urban Local Body (ULB),270.05,222.11,0.0,0.0,334,129.0,38.622754491017965,2799,0.0,0.0,Not Started
2024-25,2023-08-12,Tamil Nadu,chennai,Ministry of Education,Samagra Shiksha Abhiyan,Centrally Sponsored (60:40),Gram Panchayat,129.35,97.29,35.99,36.99,63,61.0,96.82539682539682,4597,4145.0,90.16750054383293,Ongoing
2021-22,2024-07-22,Karnataka,Bengaluru,Ministry of Rural Development,Mahatma Gandhi National Rural Employment Guarantee Scheme,Centrally Sponsored (60:40),NGO / Partner Organisation,443.79,432.16,386.89,89.52,478,476.0,99.581589958159,3241,3246.0,100.15427337241591,Completed
2022-23,2024-05-14,Maharashtra,Nagpur,Ministry of Health & Family Welfare,National Health Mission,Centrally Sponsored (60:40),Gram Panchayat,102.57,65.2,45.7,70.09,409,317.0,77.50611246943765,1539,1236.0,80.31189083820662,Ongoing
2024-25,2023-07-01,Rajasthan,Jodhpur,Ministry of Health & Family Welfare,National Health Mission,Centrally Sponsored (60:40),State Nodal Agency,656.56,388.43,179.15,46.12,145,123.0,84.82758620689656,2300,1899.0,82.56521739130434,Ongoing
2022-23,2024-07-04,Maharashtra,aurangabad,Ministry of Rural Development,Pradhan Mantri Gram Sadak Yojana,Centrally Sponsored (60:40),District Panchayat / Zilla Parishad,134.35,68.47,44.42,64.88,110,53.0,48.18181818181818,4223,2067.0,48.94624674402084,Ongoing
2021-22,2023-01-01,Bihar, Bhagalpur,Ministry of Agriculture & Farmers Welfare,PM Kisan Samman Nidhi,Central Sector,Gram Panchayat,719.02,556.75,543.71,97.66,336,285.0,84.82142857142857,2959,2419.0,81.75059141601892,Delayed
2023-24,2025-03-26,Bihar,Patna,Ministry of Education,PM Poshan (Mid-Day Meal Scheme),Centrally Sponsored (60:40),District Panchayat / Zilla Parishad,563.37,397.19,0.0,0.0,221,0.0,0.0,3933,0.0,0.0,Not Started
2024-25,2023-09-25,Uttar Pradesh,Kanpur,Ministry of Agriculture & Farmers Welfare,Pradhan Mantri Fasal Bima Yojana,Central Sector,NGO / Partner Organisation,331.56,203.14,143.57,70.68,343,203.0,59.183673469387756,1405,761.0,54.163701067615655,Ongoing
2021-22,2022-04-23,Bihar,Bhagalpur,Ministry of Rural Development,Mahatma Gandhi National Rural Employment Guarantee Scheme,Centrally Sponsored (60:40),State Nodal Agency,370.59,252.29,241.35,95.66,318,316.0,99.37106918238993,4139,4146.0,100.1691229765644,Completed
2024-25,2021-05-29,Kerala,Thrissur,Ministry of Jal Shakti,Swachh Bharat Mission - Gramin,Centrally Sponsored (60:40),State Nodal Agency,778.99,461.33,333.11,72.21,249,223.0,89.5582329317269,2249,2114.0,93.99733214762117,Ongoing
2023-24,2021-05-02,Gujarat, Surat,Ministry of Jal Shakti,Swachh Bharat Mission - Gramin,Centrally Sponsored (60:40),District Panchayat / Zilla Parishad,390.04,206.02,67.43,32.73,409,204.0,49.877750611246945,1221,1202.0,98.44389844389845,Delayed
2024-25,2025-03-17,West Bengal,Asansol,Ministry of Agriculture & Farmers Welfare,PM Kisan Samman Nidhi,Central Sector,Gram Panchayat,179.06,109.7,52.91,48.23,107,25.0,23.364485981308412,815,195.0,23.92638036809816,Delayed
2023-24,2021-07-27,Madhya Pradesh,Jabalpur,Ministry of Health & Family Welfare,Ayushman Bharat - Pradhan Mantri Jan Arogya Yojana,Centrally Sponsored (60:40),Urban Local Body (ULB),789.37,664.78,577.83,86.92,309,308.0,99.67637540453075,4622,4636.0,100.30289917784509,Completed
2022-23,2022-05-28,West Bengal,Durgapur ,Ministry of Agriculture & Farmers Welfare,PM Kisan Samman Nidhi,Central Sector,Gram Panchayat,478.12,336.2,322.55,95.94,194,192.0,98.96907216494846,434,415.0,95.6221198156682,Completed
2024-25,2022-01-04,Madhya Pradesh,Gwalior ,Ministry of Jal Shakti,Jal Jeevan Mission,Centrally Sponsored (90:10),State Nodal Agency,756.53,675.32,587.99,87.07,354,129.0,36.440677966101696,2140,2119.0,99.01869158878505,Completed
2024-25,2023-05-21,Maharashtra,pune,Ministry of Jal Shakti,Jal Jeevan Mission,Centrally Sponsored (90:10),Gram Panchayat,50.18,34.71,29.5,84.99,361,361.0,100.0,406,398.0,98.0295566502463,Completed
2024-25,2024-06-04,Bihar, Bhagalpur,Ministry of Agriculture & Farmers Welfare,PM Kisan Samman Nidhi,Central Sector,Gram Panchayat,628.69,521.78,0.0,0.0,85,129.0,151.76470588235293,1692,0.0,0.0,Not Started
2023-24,2025-01-12,Gujarat,Vadodara,Ministry of Agriculture & Farmers Welfare,PM Kisan Samman Nidhi,Central Sector,State Nodal Agency,77.32,57.63,30.03,52.11,114,96.0,84.21052631578947,2218,1862.0,83.94950405770965,Delayed
2022-23,2022-06-19,Karnataka,belagavi,Ministry of Rural Development,Mahatma Gandhi National Rural Employment Guarantee Scheme,Centrally Sponsored (60:40),Gram Panchayat,590.44,534.4,336.88,63.04,227,63.0,27.75330396475771,1928,532.0,27.593360995850624,Ongoing
2024-25,2023-01-20,Rajasthan, Udaipur,Ministry of Agriculture & Farmers Welfare,PM Kisan Samman Nidhi,Central Sector,State Nodal Agency,63.83,40.51,39.55,97.63,300,298.0,99.33333333333333,185,176.0,95.13513513513514,Completed
2024-25,2021-05-10,Uttar Pradesh, Varanasi,Ministry of Health & Family Welfare,National Health Mission,Centrally Sponsored (60:40),District Panchayat / Zilla Parishad,119.32,78.63,31.72,40.34,288,86.0,29.86111111111111,431,126.0,29.23433874709977,Delayed
2023-24,2025-02-04,Kerala,Kollam ,Ministry of Rural Development,Mahatma Gandhi National Rural Employment Guarantee Scheme,Centrally Sponsored (60:40),Gram Panchayat,49.74,39.01,35.28,90.44,91,4.0,4.395604395604396,1526,63.0,4.128440366972478,Delayed
2022-23,2021-11-09,Tamil Nadu,Madurai,Ministry of Education,Samagra Shiksha Abhiyan,Centrally Sponsored (60:40),NGO / Partner Organisation,354.88,289.7,195.06,67.33,73,69.0,94.52054794520548,2729,1202.0,44.04543788933675,Delayed
2024-25,2024-04-19,Rajasthan,Udaipur,Ministry of Jal Shakti,Swachh Bharat Mission - Gramin,Centrally Sponsored (60:40),Urban Local Body (ULB),696.7,381.71,342.44,89.71,491,489.0,99.59266802443992,1256,1147.0,91.32165605095541,Completed
2023-24,2024-04-26,Uttar Pradesh,Agra ,Ministry of Jal Shakti,Swachh Bharat Mission - Gramin,Centrally Sponsored (60:40),State Nodal Agency,316.68,285.63,155.02,54.27,125,121.0,96.8,4711,4346.0,92.25217575886224,Delayed
2023-24,2022-04-08,Maharashtra,Nashik,Ministry of Education,Samagra Shiksha Abhiyan,Centrally Sponsored (60:40),State Nodal Agency,180.68,179.61,159.78,88.96,428,426.0,99.53271028037383,2390,2392.0,100.08368200836819,Completed
2024-25,2024-04-02,Karnataka,Mangaluru,Ministry of Health & Family Welfare,National Health Mission,Centrally Sponsored (60:40),District Panchayat / Zilla Parishad,576.75,406.98,129.87,31.91,74,24.0,32.432432432432435,3576,1202.0,33.612975391498885,Ongoing
2023-24,2024-07-11,West Bengal, Asansol,Ministry of Agriculture & Farmers Welfare,PM Kisan Samman Nidhi,Central Sector,Gram Panchayat,84.91,54.82,38.24,69.76,379,59.0,15.567282321899736,3634,523.0,14.391854705558613,Ongoing
2023-24,2024-11-14,Uttar Pradesh,Varanasi,Ministry of Agriculture & Farmers Welfare,Pradhan Mantri Fasal Bima Yojana,Central Sector,Gram Panchayat,154.63,132.98,125.87,94.65,302,159.0,52.64900662251656,1410,759.0,53.829787234042556,Ongoing
2023-24,2023-03-21,Madhya Pradesh,Indore ,Ministry of Rural Development,Mahatma Gandhi National Rural Employment Guarantee Scheme,Centrally Sponsored (60:40),District Panchayat / Zilla Parishad,377.03,242.57,234.12,96.52,77,75.0,97.40259740259741,2739,2706.0,98.79518072289156,Completed
2023-24,2024-08-16,Madhya Pradesh,bhopal,Ministry of Agriculture & Farmers Welfare,Pradhan Mantri Fasal Bima Yojana,Central Sector,District Panchayat / Zilla Parishad,708.86,493.21,456.2,92.5,149,148.0,99.32885906040269,4734,4736.0,100.04224757076467,Completed
2022-23,2024-09-07,West Bengal,Siliguri,Ministry of Jal Shakti,Jal Jeevan Mission,Centrally Sponsored (90:10),Gram Panchayat,678.2,458.41,423.2,92.32,361,359.0,99.44598337950139,1515,1471.0,97.0957095709571,Completed
2022-23,2022-02-26,Gujarat,Vadodara,Ministry of Jal Shakti,Swachh Bharat Mission - Gramin,Centrally Sponsored (60:40),Gram Panchayat,140.46,136.89,174.44,81.965,279,279.0,100.0,4009,3626.0,90.44649538538289,Completed
2024-25,2023-07-17,West Bengal,Siliguri,Ministry of Rural Development,Pradhan Mantri Awas Yojana - Gramin,Centrally Sponsored (60:40),District Panchayat / Zilla Parishad,766.43,538.56,423.21,78.58,144,62.0,43.05555555555556,1122,442.0,39.39393939393939,Ongoing
2023-24,2023-09-18,Kerala,Kochi,Ministry of Rural Development,Pradhan Mantri Gram Sadak Yojana,Centrally Sponsored (60:40),State Nodal Agency,725.21,724.72,174.44,81.965,18,0.0,0.0,3019,0.0,0.0,Not Started
2022-23,2022-07-17,Uttar Pradesh,Kanpur ,Ministry of Rural Development,Pradhan Mantri Gram Sadak Yojana,Centrally Sponsored (60:40),Gram Panchayat,270.24,210.97,89.15,42.26,207,151.0,72.94685990338165,2519,1854.0,73.60063517268757,Delayed
2022-23,2025-02-02,West Bengal,Asansol,Ministry of Education,PM Poshan (Mid-Day Meal Scheme),Centrally Sponsored (60:40),District Panchayat / Zilla Parishad,790.25,672.44,666.22,99.08,256,202.0,78.90625,3172,2324.0,73.26607818411097,Delayed
2022-23,2024-07-25,West Bengal,siliguri,Ministry of Rural Development,Pradhan Mantri Awas Yojana - Gramin,Centrally Sponsored (60:40),Gram Panchayat,795.78,460.48,425.83,92.48,432,432.0,100.0,1709,1713.0,100.23405500292569,Completed
2024-25,2024-11-18,Madhya Pradesh,Ujjain,Ministry of Agriculture & Farmers Welfare,Pradhan Mantri Fasal Bima Yojana,Central Sector,District Panchayat / Zilla Parishad,359.95,333.41,125.71,37.7,185,107.0,57.83783783783784,1824,978.0,53.61842105263158,Ongoing
2022-23,2023-10-25,Bihar, Bhagalpur,Ministry of Health & Family Welfare,Ayushman Bharat - Pradhan Mantri Jan Arogya Yojana,Centrally Sponsored (60:40),State Nodal Agency,551.16,279.16,274.39,98.29,366,364.0,99.4535519125683,402,361.0,89.80099502487562,Completed
2024-25,2023-11-09,Rajasthan,Ajmer,Ministry of Jal Shakti,Jal Jeevan Mission,Centrally Sponsored (90:10),State Nodal Agency,532.71,488.48,400.19,81.93,368,68.0,18.478260869565215,656,120.0,18.29268292682927,Ongoing
2024-25,2021-04-10,Bihar,Bhagalpur,Ministry of Rural Development,Pradhan Mantri Gram Sadak Yojana,Centrally Sponsored (60:40),NGO / Partner Organisation,632.15,570.44,432.31,75.79,36,11.0,30.555555555555557,3008,873.0,29.022606382978722,Ongoing
2024-25,2024-06-05,Tamil Nadu,Madurai,Ministry of Agriculture & Farmers Welfare,Pradhan Mantri Fasal Bima Yojana,Central Sector,State Nodal Agency,727.72,621.1,593.89,95.62,203,124.0,61.083743842364534,2339,1486.0,63.53142368533561,Ongoing
2023-24,2024-07-02,Maharashtra,Kolhapur,Ministry of Rural Development,Mahatma Gandhi National Rural Employment Guarantee Scheme,Centrally Sponsored (60:40),NGO / Partner Organisation,305.38,272.12,104.44,38.38,483,283.0,58.59213250517599,1909,1139.0,59.66474594028287,Delayed
2023-24,2022-07-24,Rajasthan,jodhpur,Ministry of Education,Samagra Shiksha Abhiyan,Centrally Sponsored (60:40),District Panchayat / Zilla Parishad,665.12,484.17,0.0,0.0,230,0.0,0.0,1270,0.0,0.0,Not Started
2022-23,2023-03-05,Rajasthan,Jaipur,Ministry of Education,PM Poshan (Mid-Day Meal Scheme),Centrally Sponsored (60:40),State Nodal Agency,625.13,369.84,354.89,95.96,198,196.0,98.98989898989899,1696,1709.0,100.76650943396226,Completed
2022-23,2024-02-10,Maharashtra,Nashik,Ministry of Education,PM Poshan (Mid-Day Meal Scheme),Centrally Sponsored (60:40),Urban Local Body (ULB),407.65,354.13,151.53,42.79,305,269.0,88.19672131147541,4696,3896.0,82.96422487223168,Ongoing
2023-24,2024-11-20,Maharashtra,Pune,Ministry of Agriculture & Farmers Welfare,Pradhan Mantri Fasal Bima Yojana,Central Sector,State Nodal Agency,170.86,124.04,121.2,97.71,198,197.0,99.4949494949495,171,1202.0,702.9239766081871,Completed
2024-25,2025-03-01,Kerala,Kochi,Ministry of Rural Development,Mahatma Gandhi National Rural Employment Guarantee Scheme,Centrally Sponsored (60:40),District Panchayat / Zilla Parishad,102.31,58.38,54.28,92.98,351,350.0,99.71509971509973,1430,1320.0,92.3076923076923,Completed
2024-25,2023-08-22,Kerala,thiruvananthapuram,Ministry of Education,PM Poshan (Mid-Day Meal Scheme),Centrally Sponsored (60:40),Gram Panchayat,176.39,148.32,138.17,93.16,361,361.0,100.0,2619,2586.0,98.73997709049256,Completed
2023-24,2024-04-24,Karnataka, Mangaluru,Ministry of Education,PM Poshan (Mid-Day Meal Scheme),Centrally Sponsored (60:40),District Panchayat / Zilla Parishad,70.79,53.07,23.7,44.66,417,269.0,64.5083932853717,4474,2937.0,65.6459544032186,Delayed
2022-23,2022-06-13,Bihar,Patna,Ministry of Health & Family Welfare,Ayushman Bharat - Pradhan Mantri Jan Arogya Yojana,Centrally Sponsored (60:40),District Panchayat / Zilla Parishad,254.7,145.82,56.73,38.9,74,30.0,40.54054054054054,1276,527.0,41.30094043887148,Delayed
2024-25,2024-03-23,Bihar,gaya,Ministry of Rural Development,Pradhan Mantri Awas Yojana - Gramin,Centrally Sponsored (60:40),State Nodal Agency,59.8,31.34,25.65,81.84,423,111.0,26.24113475177305,3756,978.0,26.038338658146966,Delayed
2023-24,2023-06-12,Kerala,Thrissur,Ministry of Rural Development,Pradhan Mantri Awas Yojana - Gramin,Centrally Sponsored (60:40),Gram Panchayat,144.73,96.58,29.49,30.53,36,10.0,27.77777777777778,4518,1222.0,27.047366091190796,Delayed
2022-23,2023-07-18,Kerala,Kozhikode,Ministry of Health & Family Welfare,National Health Mission,Centrally Sponsored (60:40),Gram Panchayat,93.81,50.79,42.24,83.17,318,240.0,75.47169811320755,636,1202.0,188.99371069182388,Delayed
2022-23,2025-01-09,Kerala, Kollam,Ministry of Health & Family Welfare,Ayushman Bharat - Pradhan Mantri Jan Arogya Yojana,Centrally Sponsored (60:40),District Panchayat / Zilla Parishad,567.68,372.32,333.87,89.67,171,169.0,98.83040935672514,4367,4299.0,98.44286695672086,Completed
2024-25,2021-08-21,Bihar,bhagalpur,Ministry of Agriculture & Farmers Welfare,Pradhan Mantri Fasal Bima Yojana,Central Sector,NGO / Partner Organisation,485.79,399.12,283.47,71.02,453,398.0,87.85871964679912,2599,1202.0,46.24855713736052,Delayed
2022-23,2022-02-13,Madhya Pradesh,Gwalior,Ministry of Agriculture & Farmers Welfare,Pradhan Mantri Fasal Bima Yojana,Central Sector,Gram Panchayat,76.46,44.46,37.88,85.2,400,400.0,100.0,772,788.0,102.07253886010363,Completed
2021-22,2023-01-30,Tamil Nadu,Salem,Ministry of Agriculture & Farmers Welfare,PM Kisan Samman Nidhi,Central Sector,Urban Local Body (ULB),492.32,437.96,0.0,0.0,465,0.0,0.0,4024,0.0,0.0,Not Started
2023-24,2024-01-21,Tamil Nadu,Madurai,Ministry of Jal Shakti,Jal Jeevan Mission,Centrally Sponsored (90:10),Gram Panchayat,714.09,487.35,485.22,99.56,128,126.0,98.4375,3718,3496.0,94.02904787520173,Completed
2024-25,2023-11-02,Tamil Nadu,madurai,Ministry of Jal Shakti,Jal Jeevan Mission,Centrally Sponsored (90:10),District Panchayat / Zilla Parishad,272.27,236.2,203.17,86.02,358,356.0,99.4413407821229,4633,4248.0,91.69004964385927,Completed
2023-24,2023-08-29,Kerala, Kochi,Ministry of Jal Shakti,Jal Jeevan Mission,Centrally Sponsored (90:10),District Panchayat / Zilla Parishad,765.28,469.22,214.25,45.66,158,136.0,86.07594936708861,2768,2458.0,88.80057803468208,Delayed
2023-24,2024-07-04,Gujarat,Rajkot,Ministry of Jal Shakti,Jal Jeevan Mission,Centrally Sponsored (90:10),State Nodal Agency,462.73,236.77,202.97,85.72,292,291.0,99.65753424657534,2005,1921.0,95.81047381546135,Completed
2024-25,2021-07-26,Maharashtra,Nashik,Ministry of Health & Family Welfare,Ayushman Bharat - Pradhan Mantri Jan Arogya Yojana,Centrally Sponsored (60:40),Gram Panchayat,32.59,24.88,22.84,91.8,371,371.0,100.0,1811,1825.0,100.7730535615682,Completed
2022-23,2024-04-26,West Bengal,Kolkata,Ministry of Rural Development,Mahatma Gandhi National Rural Employment Guarantee Scheme,Centrally Sponsored (60:40),Gram Panchayat,500.2,400.03,381.37,95.34,422,421.0,99.76303317535546,406,409.0,100.73891625615762,Completed
2023-24,2025-01-05,Madhya Pradesh,Jabalpur,Ministry of Health & Family Welfare,National Health Mission,Centrally Sponsored (60:40),District Panchayat / Zilla Parishad,691.25,591.46,373.94,63.22,67,62.0,92.53731343283582,593,503.0,84.82293423271501,Ongoing
2022-23,2023-12-15,Kerala,kochi,Ministry of Education,Samagra Shiksha Abhiyan,Centrally Sponsored (60:40),District Panchayat / Zilla Parishad,35.71,18.04,174.44,81.965,102,100.0,98.0392156862745,688,696.0,101.16279069767442,Completed
2023-24,2022-05-12,Tamil Nadu, Chennai,Ministry of Rural Development,Pradhan Mantri Gram Sadak Yojana,Centrally Sponsored (60:40),District Panchayat / Zilla Parishad,663.93,628.62,556.21,88.48,196,196.0,100.0,2589,2475.0,95.59675550405562,Completed
2022-23,2023-08-24,Kerala,kozhikode,Ministry of Jal Shakti,Swachh Bharat Mission - Gramin,Centrally Sponsored (60:40),District Panchayat / Zilla Parishad,739.51,526.87,351.27,66.67,404,22.0,5.445544554455446,727,40.0,5.502063273727647,Ongoing
2021-22,2023-09-29,Karnataka,hubballi,Ministry of Agriculture & Farmers Welfare,PM Kisan Samman Nidhi,Central Sector,Urban Local Body (ULB),68.9,38.64,35.9,92.91,20,18.0,90.0,2543,2105.0,82.77624852536374,Completed
2024-25,2024-02-17,Karnataka,Hubballi,Ministry of Rural Development,Pradhan Mantri Awas Yojana - Gramin,Centrally Sponsored (60:40),State Nodal Agency,783.46,588.63,0.0,0.0,124,0.0,0.0,4597,0.0,0.0,Not Started
2023-24,2023-08-27,Gujarat, Vadodara,Ministry of Health & Family Welfare,Ayushman Bharat - Pradhan Mantri Jan Arogya Yojana,Centrally Sponsored (60:40),NGO / Partner Organisation,381.89,249.38,105.66,42.37,160,81.0,50.625,4958,2603.0,52.50100847115773,Delayed
2023-24,2022-08-26,Maharashtra,Aurangabad ,Ministry of Jal Shakti,Jal Jeevan Mission,Centrally Sponsored (90:10),NGO / Partner Organisation,506.13,354.65,161.71,45.6,74,50.0,67.56756756756756,4585,2926.0,63.81679389312978,Ongoing
2022-23,2023-11-18,Karnataka,Mysuru,Ministry of Education,Samagra Shiksha Abhiyan,Centrally Sponsored (60:40),Urban Local Body (ULB),361.88,283.78,261.37,92.1,294,292.0,99.31972789115646,4374,4064.0,92.91266575217193,Completed
2023-24,2024-08-30,Madhya Pradesh,Ujjain,Ministry of Agriculture & Farmers Welfare,PM Kisan Samman Nidhi,Central Sector,Gram Panchayat,505.04,406.04,0.0,0.0,344,0.0,0.0,3562,0.0,0.0,Not Started
2024-25,2022-05-09,Tamil Nadu, Chennai,Ministry of Health & Family Welfare,Ayushman Bharat - Pradhan Mantri Jan Arogya Yojana,Centrally Sponsored (60:40),District Panchayat / Zilla Parishad,713.04,654.59,558.4,85.31,408,216.0,52.94117647058824,4507,2437.0,54.07144441979143,Delayed
2023-24,2023-11-03,Karnataka,hubballi,Ministry of Jal Shakti,Swachh Bharat Mission - Gramin,Centrally Sponsored (60:40),Urban Local Body (ULB),156.46,80.25,54.2,67.54,293,283.0,96.58703071672356,129,112.0,86.82170542635659,Delayed
2022-23,2024-07-10,Maharashtra,Nashik,Ministry of Rural Development,Pradhan Mantri Gram Sadak Yojana,Centrally Sponsored (60:40),Gram Panchayat,240.86,131.72,0.0,0.0,269,0.0,0.0,3361,0.0,0.0,Not Started
2024-25,2023-04-18,Rajasthan,Udaipur,Ministry of Jal Shakti,Swachh Bharat Mission - Gramin,Centrally Sponsored (60:40),State Nodal Agency,651.57,520.43,226.53,43.53,321,196.0,61.059190031152646,1365,819.0,60.0,Delayed
2024-25,2021-08-29,Karnataka,Bengaluru ,Ministry of Health & Family Welfare,Ayushman Bharat - Pradhan Mantri Jan Arogya Yojana,Centrally Sponsored (60:40),Gram Panchayat,37.07,27.05,25.78,95.3,75,73.0,97.33333333333334,4693,4542.0,96.78244193479651,Completed
2023-24,2022-07-17,Madhya Pradesh, Indore,Ministry of Jal Shakti,Swachh Bharat Mission - Gramin,Centrally Sponsored (60:40),Gram Panchayat,136.01,80.21,0.0,0.0,55,0.0,0.0,724,0.0,0.0,Not Started
2024-25,2022-08-14,Uttar Pradesh,Lucknow,Ministry of Rural Development,Pradhan Mantri Awas Yojana - Gramin,Centrally Sponsored (60:40),NGO / Partner Organisation,422.39,261.62,81.71,31.23,446,172.0,38.56502242152467,4480,1788.0,39.91071428571429,Delayed
2023-24,2024-06-29,Uttar Pradesh, Agra,Ministry of Rural Development,Pradhan Mantri Gram Sadak Yojana,Centrally Sponsored (60:40),District Panchayat / Zilla Parishad,796.43,601.82,0.0,0.0,261,0.0,0.0,4136,0.0,0.0,Not Started
2021-22,2023-11-14,West Bengal,kolkata,Ministry of Health & Family Welfare,Ayushman Bharat - Pradhan Mantri Jan Arogya Yojana,Centrally Sponsored (60:40),Urban Local Body (ULB),724.15,454.07,354.48,78.07,30,24.0,80.0,2051,1531.0,74.64651389566065,Ongoing
2021-22,2023-09-19,Maharashtra,Aurangabad,Ministry of Rural Development,Pradhan Mantri Awas Yojana - Gramin,Centrally Sponsored (60:40),State Nodal Agency,416.04,302.87,270.99,89.47,475,394.0,82.94736842105263,346,278.0,80.34682080924856,Ongoing
2023-24,2021-05-20,Karnataka,Hubballi,Ministry of Health & Family Welfare,National Health Mission,Centrally Sponsored (60:40),Gram Panchayat,484.86,323.64,319.34,98.67,95,93.0,97.89473684210527,3852,3856.0,100.10384215991692,Completed
2023-24,2021-05-01,Uttar Pradesh,Varanasi,Ministry of Jal Shakti,Jal Jeevan Mission,Centrally Sponsored (90:10),Gram Panchayat,259.06,197.42,97.33,49.3,385,378.0,98.18181818181819,1715,1602.0,93.41107871720116,Ongoing
2022-23,2022-06-03,Madhya Pradesh,Ujjain,Ministry of Rural Development,Mahatma Gandhi National Rural Employment Guarantee Scheme,Centrally Sponsored (60:40),Gram Panchayat,775.51,630.14,0.0,0.0,451,0.0,0.0,2050,0.0,0.0,Not Started
2023-24,2021-11-19,Bihar,Darbhanga,Ministry of Rural Development,Pradhan Mantri Gram Sadak Yojana,Centrally Sponsored (60:40),Gram Panchayat,668.1,542.17,300.81,55.48,480,346.0,72.08333333333333,3366,2509.0,74.5395127748069,Delayed
2022-23,2024-09-21,West Bengal,Durgapur,Ministry of Rural Development,Pradhan Mantri Gram Sadak Yojana,Centrally Sponsored (60:40),Gram Panchayat,107.12,101.54,48.67,47.93,450,233.0,51.77777777777778,4654,2512.0,53.97507520412549,Ongoing
2023-24,2021-11-05,Gujarat,Rajkot,Ministry of Rural Development,Pradhan Mantri Awas Yojana - Gramin,Centrally Sponsored (60:40),Gram Panchayat,210.6,168.27,162.27,96.43,243,241.0,99.1769547325103,4417,4432.0,100.33959701154629,Completed
2024-25,2024-07-24,Uttar Pradesh,Varanasi,Ministry of Education,Samagra Shiksha Abhiyan,Centrally Sponsored (60:40),District Panchayat / Zilla Parishad,764.48,436.94,194.74,44.57,179,61.0,34.07821229050279,676,229.0,33.875739644970416,Delayed
2023-24,2023-05-03,West Bengal,Asansol,Ministry of Jal Shakti,Jal Jeevan Mission,Centrally Sponsored (90:10),Urban Local Body (ULB),700.08,541.89,523.33,96.57,198,198.0,100.0,2544,2450.0,96.30503144654088,Completed
2024-25,2021-09-25,Madhya Pradesh,Jabalpur,Ministry of Agriculture & Farmers Welfare,PM Kisan Samman Nidhi,Central Sector,Gram Panchayat,595.63,371.53,174.44,81.965,370,129.0,34.86486486486486,1598,55.0,3.44180225281602,Ongoing
2022-23,2025-01-22,Bihar,gaya,Ministry of Agriculture & Farmers Welfare,PM Kisan Samman Nidhi,Central Sector,Urban Local Body (ULB),791.5,526.3,228.57,43.43,202,52.0,25.742574257425744,716,175.0,24.441340782122907,Delayed
2024-25,2022-07-02,Maharashtra,Aurangabad,Ministry of Rural Development,Pradhan Mantri Awas Yojana - Gramin,Centrally Sponsored (60:40),NGO / Partner Organisation,450.1,426.13,417.5,97.97,318,316.0,99.37106918238993,4383,4385.0,100.0456308464522,Completed
2024-25,2022-01-26,West Bengal,Durgapur,Ministry of Jal Shakti,Jal Jeevan Mission,Centrally Sponsored (90:10),District Panchayat / Zilla Parishad,737.58,699.76,325.07,46.45,145,136.0,93.79310344827586,3256,2898.0,89.004914004914,Delayed
2024-25,2024-06-01,Uttar Pradesh,Meerut,Ministry of Agriculture & Farmers Welfare,PM Kisan Samman Nidhi,Central Sector,Gram Panchayat,758.01,667.59,221.1,33.12,171,59.0,34.50292397660819,2723,913.0,33.52919573999266,Ongoing
2024-25,2023-10-06,Bihar,darbhanga,Ministry of Education,PM Poshan (Mid-Day Meal Scheme),Centrally Sponsored (60:40),Gram Panchayat,244.73,217.84,189.79,87.12,286,285.0,99.65034965034964,4198,4186.0,99.71414959504527,Completed
2023-24,2023-07-31,Uttar Pradesh,Varanasi,Ministry of Jal Shakti,Swachh Bharat Mission - Gramin,Centrally Sponsored (60:40),Gram Panchayat,477.93,437.74,284.29,64.94,291,262.0,90.03436426116839,2322,2076.0,89.40568475452196,Delayed
2022-23,2023-12-27,Madhya Pradesh, Jabalpur,Ministry of Education,Samagra Shiksha Abhiyan,Centrally Sponsored (60:40),Urban Local Body (ULB),712.63,495.35,449.13,90.67,202,202.0,100.0,1178,1151.0,97.70797962648557,Completed
2023-24,2024-02-09,Gujarat,Vadodara,Ministry of Agriculture & Farmers Welfare,Pradhan Mantri Fasal Bima Yojana,Central Sector,NGO / Partner Organisation,573.35,483.25,415.87,86.06,336,336.0,100.0,671,690.0,102.83159463487333,Completed
2022-23,2021-10-13,Bihar,patna,Ministry of Agriculture & Farmers Welfare,Pradhan Mantri Fasal Bima Yojana,Central Sector,Gram Panchayat,461.76,442.65,344.35,77.79,369,278.0,75.33875338753387,1413,997.0,70.5590941259731,Ongoing
2023-24,2021-10-08,Bihar, Bhagalpur,Ministry of Agriculture & Farmers Welfare,Pradhan Mantri Fasal Bima Yojana,Central Sector,NGO / Partner Organisation,229.27,159.92,100.0,62.53,390,158.0,40.51282051282051,435,167.0,38.39080459770115,Ongoing
2021-22,2023-02-18,West Bengal,Asansol,Ministry of Education,PM Poshan (Mid-Day Meal Scheme),Centrally Sponsored (60:40),Urban Local Body (ULB),762.09,414.89,353.38,85.17,117,87.0,74.35897435897436,4277,1202.0,28.103811082534484,Delayed
2024-25,2024-01-17,Bihar,Muzaffarpur,Ministry of Education,Samagra Shiksha Abhiyan,Centrally Sponsored (60:40),NGO / Partner Organisation,193.12,182.81,0.0,0.0,9,0.0,0.0,1167,0.0,0.0,Not Started
2023-24,2021-07-16,West Bengal,Howrah,Ministry of Agriculture & Farmers Welfare,PM Kisan Samman Nidhi,Central Sector,State Nodal Agency,755.21,624.3,536.52,85.94,337,337.0,100.0,3988,3737.0,93.7061183550652,Completed
2022-23,2024-10-23,West Bengal,Durgapur ,Ministry of Health & Family Welfare,National Health Mission,Centrally Sponsored (60:40),NGO / Partner Organisation,762.46,443.0,399.92,90.28,388,129.0,33.24742268041237,1536,1523.0,99.15364583333334,Completed
2021-22,2023-06-29,Uttar Pradesh,Meerut,Ministry of Rural Development,Pradhan Mantri Awas Yojana - Gramin,Centrally Sponsored (60:40),District Panchayat / Zilla Parishad,750.24,428.41,177.56,41.45,416,400.0,96.15384615384616,4803,4266.0,88.81948782011243,Ongoing
2023-24,2024-04-17,Rajasthan,kota,Ministry of Education,Samagra Shiksha Abhiyan,Centrally Sponsored (60:40),State Nodal Agency,730.27,525.52,501.98,95.52,402,400.0,99.50248756218906,1519,1424.0,93.74588545095457,Completed
2022-23,2024-07-21,Kerala,kollam,Ministry of Health & Family Welfare,National Health Mission,Centrally Sponsored (60:40),Gram Panchayat,439.89,226.53,214.98,94.9,302,300.0,99.33774834437085,1476,1485.0,100.60975609756098,Completed
2022-23,2024-01-29,Maharashtra,Nagpur,Ministry of Rural Development,Pradhan Mantri Gram Sadak Yojana,Centrally Sponsored (60:40),District Panchayat / Zilla Parishad,620.72,328.16,157.13,47.88,350,185.0,52.85714285714286,2313,1199.0,51.83744055339387,Delayed
2023-24,2024-08-11,West Bengal, Siliguri,Ministry of Rural Development,Pradhan Mantri Awas Yojana - Gramin,Centrally Sponsored (60:40),NGO / Partner Organisation,410.08,326.8,304.49,93.17,41,36.0,87.8048780487805,1342,1209.0,90.08941877794337,Ongoing
2022-23,2024-08-27,Kerala,Kochi,Ministry of Health & Family Welfare,National Health Mission,Centrally Sponsored (60:40),District Panchayat / Zilla Parishad,107.38,79.65,174.44,81.965,118,104.0,88.13559322033898,384,317.0,82.55208333333334,Ongoing
2024-25,2021-12-15,Karnataka,belagavi,Ministry of Rural Development,Pradhan Mantri Awas Yojana - Gramin,Centrally Sponsored (60:40),State Nodal Agency,740.28,553.14,451.68,81.66,387,253.0,65.37467700258398,4014,2569.0,64.00099651220728,Delayed
2021-22,2022-02-18,West Bengal,Kolkata,Ministry of Education,Samagra Shiksha Abhiyan,Centrally Sponsored (60:40),Gram Panchayat,419.05,380.11,333.54,87.75,112,110.0,98.21428571428571,128,122.0,95.3125,Completed
2022-23,2024-07-29,Kerala,Kochi,Ministry of Agriculture & Farmers Welfare,Pradhan Mantri Fasal Bima Yojana,Central Sector,State Nodal Agency,480.35,474.53,472.48,99.57,38,35.0,92.10526315789474,2219,2130.0,95.98918431726003,Ongoing
2022-23,2024-11-13,West Bengal,Howrah,Ministry of Education,PM Poshan (Mid-Day Meal Scheme),Centrally Sponsored (60:40),District Panchayat / Zilla Parishad,197.77,121.18,103.26,85.21,170,169.0,99.41176470588235,3160,3165.0,100.15822784810126,Completed
2022-23,2022-08-05,West Bengal,Howrah,Ministry of Health & Family Welfare,National Health Mission,Centrally Sponsored (60:40),Urban Local Body (ULB),692.26,682.52,0.0,0.0,241,0.0,0.0,777,1202.0,154.6975546975547,Not Started
2024-25,2023-05-17,Karnataka,Bengaluru,Ministry of Rural Development,Pradhan Mantri Gram Sadak Yojana,Centrally Sponsored (60:40),Gram Panchayat,649.36,459.01,300.43,65.45,115,81.0,70.43478260869566,1562,1003.0,64.21254801536492,Delayed
2021-22,2023-11-11,Kerala, Thiruvananthapuram,Ministry of Education,PM Poshan (Mid-Day Meal Scheme),Centrally Sponsored (60:40),District Panchayat / Zilla Parishad,166.89,137.46,174.44,81.965,431,116.0,26.91415313225058,1424,356.0,25.0,Delayed
2023-24,2021-07-06,Kerala,Kochi,Ministry of Health & Family Welfare,National Health Mission,Centrally Sponsored (60:40),State Nodal Agency,361.87,251.92,242.7,96.34,100,31.0,31.0,100,30.0,30.0,Delayed
2024-25,2022-11-23,Uttar Pradesh,Varanasi,Ministry of Education,Samagra Shiksha Abhiyan,Centrally Sponsored (60:40),Urban Local Body (ULB),317.4,291.26,253.34,86.98,98,26.0,26.53061224489796,2183,527.0,24.141090242785157,Delayed
2023-24,2021-05-10,Tamil Nadu,Madurai,Ministry of Education,Samagra Shiksha Abhiyan,Centrally Sponsored (60:40),Urban Local Body (ULB),444.15,380.82,202.74,53.24,51,7.0,13.725490196078432,2034,1202.0,59.09537856440511,Delayed
2021-22,2022-09-28,Tamil Nadu,Salem,Ministry of Agriculture & Farmers Welfare,Pradhan Mantri Fasal Bima Yojana,Central Sector,Urban Local Body (ULB),683.44,370.57,121.84,32.88,428,229.0,53.50467289719626,3255,1614.0,49.585253456221196,Ongoing
2022-23,2023-12-08,Rajasthan,Ajmer,Ministry of Education,PM Poshan (Mid-Day Meal Scheme),Centrally Sponsored (60:40),Gram Panchayat,294.94,239.49,124.42,51.95,215,7.0,3.255813953488372,4924,165.0,3.3509341998375306,Ongoing
2023-24,2021-06-03,Tamil Nadu,Salem,Ministry of Jal Shakti,Jal Jeevan Mission,Centrally Sponsored (90:10),Urban Local Body (ULB),178.51,115.8,115.46,99.71,398,81.0,20.35175879396985,524,110.0,20.99236641221374,Ongoing
2022-23,2021-05-23,Gujarat,Bhavnagar,Ministry of Agriculture & Farmers Welfare,Pradhan Mantri Fasal Bima Yojana,Central Sector,Gram Panchayat,32.46,29.14,10.94,37.54,344,343.0,99.70930232558139,4371,4375.0,100.09151223976207,Ongoing
2023-24,2024-08-01,Gujarat,Surat ,Ministry of Jal Shakti,Swachh Bharat Mission - Gramin,Centrally Sponsored (60:40),District Panchayat / Zilla Parishad,461.59,428.21,419.22,97.9,115,91.0,79.13043478260869,4118,3102.0,75.32782904322487,Delayed
2022-23,2023-12-21,Maharashtra,Pune,Ministry of Agriculture & Farmers Welfare,Pradhan Mantri Fasal Bima Yojana,Central Sector,District Panchayat / Zilla Parishad,278.46,221.42,219.45,99.11,301,301.0,100.0,4215,4142.0,98.26809015421115,Completed
2022-23,2023-12-09,Madhya Pradesh,Indore,Ministry of Health & Family Welfare,National Health Mission,Centrally Sponsored (60:40),Urban Local Body (ULB),114.24,64.36,38.48,59.79,120,88.0,73.33333333333333,2613,1832.0,70.11098354381936,Ongoing
2023-24,2021-06-09,West Bengal,howrah,Ministry of Jal Shakti,Swachh Bharat Mission - Gramin,Centrally Sponsored (60:40),District Panchayat / Zilla Parishad,691.58,676.63,329.82,48.74,76,33.0,43.42105263157895,2296,958.0,41.72473867595819,Ongoing
2024-25,2024-01-19,West Bengal,Siliguri,Ministry of Rural Development,Pradhan Mantri Awas Yojana - Gramin,Centrally Sponsored (60:40),Gram Panchayat,749.06,704.33,598.77,85.01,183,183.0,100.0,3211,3158.0,98.34942385549674,Completed
2022-23,2024-08-04,Tamil Nadu,Tiruchirappalli,Ministry of Jal Shakti,Swachh Bharat Mission - Gramin,Centrally Sponsored (60:40),District Panchayat / Zilla Parishad,156.64,142.8,0.0,0.0,432,0.0,0.0,4639,0.0,0.0,Not Started
2024-25,2023-07-28,Gujarat,Ahmedabad,Ministry of Rural Development,Mahatma Gandhi National Rural Employment Guarantee Scheme,Centrally Sponsored (60:40),District Panchayat / Zilla Parishad,540.71,531.93,431.18,81.06,191,21.0,10.99476439790576,711,73.0,10.267229254571026,Ongoing
2023-24,2024-04-29,West Bengal,Kolkata,Ministry of Education,PM Poshan (Mid-Day Meal Scheme),Centrally Sponsored (60:40),Urban Local Body (ULB),34.74,26.38,15.0,56.86,22,16.0,72.72727272727273,4702,3213.0,68.33262441514249,Ongoing
2024-25,2022-05-25,Uttar Pradesh,Varanasi,Ministry of Health & Family Welfare,Ayushman Bharat - Pradhan Mantri Jan Arogya Yojana,Centrally Sponsored (60:40),Urban Local Body (ULB),621.92,489.65,165.36,33.77,158,55.0,34.810126582278485,711,226.0,31.78621659634318,Ongoing
2024-25,2022-03-04,Madhya Pradesh,Bhopal,Ministry of Health & Family Welfare,National Health Mission,Centrally Sponsored (60:40),Gram Panchayat,210.62,130.47,69.21,53.05,315,299.0,94.92063492063491,3025,2880.0,95.20661157024793,Ongoing
2022-23,2021-11-06,Uttar Pradesh,Agra,Ministry of Jal Shakti,Jal Jeevan Mission,Centrally Sponsored (90:10),District Panchayat / Zilla Parishad,124.53,107.82,43.88,40.7,137,30.0,21.897810218978105,4153,947.0,22.802793161569948,Delayed
2022-23,2023-12-06,Maharashtra,Pune,Ministry of Education,PM Poshan (Mid-Day Meal Scheme),Centrally Sponsored (60:40),State Nodal Agency,151.25,125.91,108.97,86.55,161,8.0,4.968944099378882,2710,130.0,4.797047970479705,Delayed
2023-24,2021-04-02,Uttar Pradesh,Kanpur,Ministry of Rural Development,Mahatma Gandhi National Rural Employment Guarantee Scheme,Centrally Sponsored (60:40),District Panchayat / Zilla Parishad,572.46,368.83,318.49,86.35,130,128.0,98.46153846153847,357,352.0,98.59943977591037,Completed
2021-22,2023-02-15,Uttar Pradesh,Kanpur,Ministry of Health & Family Welfare,National Health Mission,Centrally Sponsored (60:40),Gram Panchayat,578.46,385.63,150.73,39.09,300,219.0,73.0,293,199.0,67.91808873720136,Ongoing
2022-23,2024-11-18,Uttar Pradesh,Meerut ,Ministry of Education,Samagra Shiksha Abhiyan,Centrally Sponsored (60:40),Gram Panchayat,782.01,645.13,0.0,0.0,339,0.0,0.0,900,0.0,0.0,Not Started
2022-23,2021-04-24,Madhya Pradesh, Gwalior,Ministry of Education,PM Poshan (Mid-Day Meal Scheme),Centrally Sponsored (60:40),District Panchayat / Zilla Parishad,28.6,25.05,19.94,79.6,204,42.0,20.588235294117645,2496,498.0,19.951923076923077,Ongoing
2022-23,2024-04-20,Tamil Nadu,Chennai,Ministry of Jal Shakti,Jal Jeevan Mission,Centrally Sponsored (90:10),District Panchayat / Zilla Parishad,38.79,35.25,31.01,87.97,108,106.0,98.14814814814815,3406,3424.0,100.52847915443334,Completed
2021-22,2021-11-09,Uttar Pradesh,varanasi,Ministry of Education,Samagra Shiksha Abhiyan,Centrally Sponsored (60:40),Gram Panchayat,342.29,246.88,193.72,78.47,327,304.0,92.96636085626912,1512,1445.0,95.56878306878306,Ongoing
2023-24,2024-05-22,Tamil Nadu,Madurai,Ministry of Agriculture & Farmers Welfare,PM Kisan Samman Nidhi,Central Sector,District Panchayat / Zilla Parishad,500.12,302.69,294.55,97.31,274,272.0,99.27007299270073,1665,1669.0,100.24024024024023,Completed
2022-23,2022-03-12,Gujarat,Ahmedabad,Ministry of Education,Samagra Shiksha Abhiyan,Centrally Sponsored (60:40),NGO / Partner Organisation,450.03,238.95,229.48,96.04,303,303.0,100.0,4575,4174.0,91.23497267759562,Completed
2024-25,2024-02-21,Tamil Nadu,Madurai,Ministry of Education,PM Poshan (Mid-Day Meal Scheme),Centrally Sponsored (60:40),Urban Local Body (ULB),311.19,187.49,0.0,0.0,41,0.0,0.0,4644,0.0,0.0,Not Started
2021-22,2024-07-17,Gujarat, Rajkot,Ministry of Jal Shakti,Jal Jeevan Mission,Centrally Sponsored (90:10),Urban Local Body (ULB),538.55,294.0,285.41,97.08,241,241.0,100.0,2213,2224.0,100.49706281066426,Completed
2023-24,2021-10-14,Bihar,Bhagalpur,Ministry of Agriculture & Farmers Welfare,PM Kisan Samman Nidhi,Central Sector,Gram Panchayat,42.5,22.7,18.47,81.37,480,403.0,83.95833333333333,4398,3649.0,82.96953160527512,Delayed
2022-23,2022-01-24,Karnataka, Mangaluru,Ministry of Health & Family Welfare,National Health Mission,Centrally Sponsored (60:40),State Nodal Agency,359.41,217.35,200.36,92.18,392,391.0,99.74489795918367,857,809.0,94.39906651108518,Completed
2022-23,2022-03-01,Gujarat,Ahmedabad,Ministry of Agriculture & Farmers Welfare,Pradhan Mantri Fasal Bima Yojana,Central Sector,District Panchayat / Zilla Parishad,631.75,475.57,0.0,0.0,153,0.0,0.0,1506,0.0,0.0,Not Started
2022-23,2024-11-28,Tamil Nadu,Chennai,Ministry of Jal Shakti,Swachh Bharat Mission - Gramin,Centrally Sponsored (60:40),Urban Local Body (ULB),97.97,85.31,73.97,86.71,48,48.0,100.0,735,723.0,98.36734693877551,Completed
2021-22,2022-03-26,Maharashtra,Nagpur,Ministry of Education,Samagra Shiksha Abhiyan,Centrally Sponsored (60:40),Gram Panchayat,700.82,463.82,158.08,34.08,193,15.0,7.772020725388601,1538,109.0,7.087126137841353,Delayed
2023-24,2021-10-09,Bihar,Bhagalpur,Ministry of Rural Development,Pradhan Mantri Awas Yojana - Gramin,Centrally Sponsored (60:40),Gram Panchayat,587.29,538.14,319.46,59.36,229,109.0,47.59825327510917,3310,1578.0,47.6737160120846,Ongoing
2023-24,2022-10-21,Madhya Pradesh,Gwalior,Ministry of Jal Shakti,Swachh Bharat Mission - Gramin,Centrally Sponsored (60:40),Urban Local Body (ULB),573.16,402.49,393.99,97.89,359,129.0,35.93314763231198,432,432.0,100.0,Completed
2021-22,2022-11-27,Kerala,Thrissur,Ministry of Health & Family Welfare,National Health Mission,Centrally Sponsored (60:40),Gram Panchayat,202.16,119.88,174.44,81.965,285,0.0,0.0,725,0.0,0.0,Not Started
2023-24,2022-03-10,Bihar, Patna,Ministry of Rural Development,Mahatma Gandhi National Rural Employment Guarantee Scheme,Centrally Sponsored (60:40),NGO / Partner Organisation,638.64,596.74,232.03,38.88,226,160.0,70.79646017699115,2337,1621.0,69.36243046640993,Ongoing
2023-24,2024-11-17,Uttar Pradesh,Meerut,Ministry of Education,PM Poshan (Mid-Day Meal Scheme),Centrally Sponsored (60:40),Gram Panchayat,560.9,493.48,456.87,92.58,477,477.0,100.0,4099,3760.0,91.72969016833375,Completed
2024-25,2023-02-19,Bihar, Gaya,Ministry of Agriculture & Farmers Welfare,Pradhan Mantri Fasal Bima Yojana,Central Sector,District Panchayat / Zilla Parishad,559.71,548.99,527.01,96.0,167,165.0,98.80239520958084,427,393.0,92.03747072599532,Ongoing
2022-23,2022-04-25,West Bengal, Siliguri,Ministry of Jal Shakti,Swachh Bharat Mission - Gramin,Centrally Sponsored (60:40),NGO / Partner Organisation,345.75,318.96,112.93,35.41,292,202.0,69.17808219178082,4546,2980.0,65.55213374395072,Ongoing
2024-25,2024-10-28,West Bengal,Asansol,Ministry of Rural Development,Pradhan Mantri Gram Sadak Yojana,Centrally Sponsored (60:40),Urban Local Body (ULB),633.86,383.78,188.11,49.02,177,77.0,43.50282485875706,1421,625.0,43.98311048557354,Ongoing
2024-25,2023-09-22,West Bengal,Asansol,Ministry of Education,PM Poshan (Mid-Day Meal Scheme),Centrally Sponsored (60:40),Gram Panchayat,133.49,121.32,107.6,88.69,451,150.0,33.25942350332594,3244,973.0,29.993834771886558,Ongoing
2023-24,2022-06-17,Gujarat,bhavnagar,Ministry of Jal Shakti,Jal Jeevan Mission,Centrally Sponsored (90:10),Urban Local Body (ULB),88.31,57.17,174.44,81.965,302,56.0,18.543046357615893,2675,1202.0,44.93457943925234,Delayed
2023-24,2023-03-24,Gujarat, Rajkot,Ministry of Agriculture & Farmers Welfare,Pradhan Mantri Fasal Bima Yojana,Central Sector,NGO / Partner Organisation,233.93,187.38,99.62,53.16,59,32.0,54.23728813559322,2535,1263.0,49.82248520710059,Ongoing
2021-22,2024-10-23,Gujarat,Surat,Ministry of Agriculture & Farmers Welfare,Pradhan Mantri Fasal Bima Yojana,Central Sector,Urban Local Body (ULB),32.48,24.35,24.28,99.71,297,295.0,99.32659932659934,3879,3716.0,95.79788605310647,Completed
2023-24,2022-08-22,Tamil Nadu,Coimbatore,Ministry of Rural Development,Pradhan Mantri Awas Yojana - Gramin,Centrally Sponsored (60:40),State Nodal Agency,537.33,446.67,162.95,36.48,467,427.0,91.43468950749465,568,482.0,84.85915492957746,Delayed
2024-25,2021-04-15,Rajasthan,Ajmer ,Ministry of Health & Family Welfare,National Health Mission,Centrally Sponsored (60:40),Gram Panchayat,536.51,337.37,273.91,81.19,165,126.0,76.36363636363637,3231,2501.0,77.40637573506655,Ongoing
2024-25,2023-06-05,Karnataka,Mangaluru,Ministry of Education,PM Poshan (Mid-Day Meal Scheme),Centrally Sponsored (60:40),Gram Panchayat,418.43,295.88,218.78,73.94,28,5.0,17.857142857142858,4510,738.0,16.363636363636363,Delayed
2023-24,2022-09-30,Rajasthan,ajmer,Ministry of Rural Development,Mahatma Gandhi National Rural Employment Guarantee Scheme,Centrally Sponsored (60:40),Gram Panchayat,631.36,417.35,303.65,72.76,424,112.0,26.41509433962264,1210,300.0,24.793388429752067,Ongoing
2021-22,2023-05-21,Tamil Nadu,Tiruchirappalli,Ministry of Agriculture & Farmers Welfare,PM Kisan Samman Nidhi,Central Sector,District Panchayat / Zilla Parishad,262.71,256.21,176.35,68.83,453,196.0,43.26710816777042,1879,828.0,44.06599254922831,Ongoing
2023-24,2021-04-02,Rajasthan,Udaipur,Ministry of Health & Family Welfare,Ayushman Bharat - Pradhan Mantri Jan Arogya Yojana,Centrally Sponsored (60:40),Gram Panchayat,611.66,390.06,318.54,81.66,323,214.0,66.25386996904025,2295,1382.0,60.21786492374728,Ongoing
2024-25,2021-12-17,Kerala,Kozhikode,Ministry of Rural Development,Pradhan Mantri Gram Sadak Yojana,Centrally Sponsored (60:40),Gram Panchayat,492.88,419.77,368.92,87.89,357,72.0,20.168067226890756,2219,441.0,19.873817034700316,Delayed
2021-22,2022-11-02,Maharashtra,nashik,Ministry of Jal Shakti,Swachh Bharat Mission - Gramin,Centrally Sponsored (60:40),District Panchayat / Zilla Parishad,497.85,446.81,0.0,0.0,288,0.0,0.0,1513,0.0,0.0,Not Started
2023-24,2022-08-25,Gujarat,Ahmedabad ,Ministry of Jal Shakti,Swachh Bharat Mission - Gramin,Centrally Sponsored (60:40),NGO / Partner Organisation,39.18,36.12,0.0,0.0,37,0.0,0.0,2862,0.0,0.0,Not Started
2023-24,2023-03-21,Maharashtra,Aurangabad,Ministry of Jal Shakti,Jal Jeevan Mission,Centrally Sponsored (90:10),State Nodal Agency,600.83,398.14,356.28,89.49,286,285.0,99.65034965034964,55,52.0,94.54545454545455,Completed
2023-24,2021-06-17,West Bengal,Kolkata,Ministry of Agriculture & Farmers Welfare,PM Kisan Samman Nidhi,Central Sector,State Nodal Agency,402.29,363.94,136.01,37.37,263,194.0,73.76425855513308,4298,3265.0,75.96556537924616,Ongoing
2023-24,2022-04-18,Kerala,Kozhikode,Ministry of Health & Family Welfare,Ayushman Bharat - Pradhan Mantri Jan Arogya Yojana,Centrally Sponsored (60:40),District Panchayat / Zilla Parishad,511.25,508.35,422.73,83.16,313,308.0,98.40255591054313,913,826.0,90.4709748083242,Ongoing
2024-25,2021-11-20,Gujarat,Ahmedabad,Ministry of Agriculture & Farmers Welfare,Pradhan Mantri Fasal Bima Yojana,Central Sector,District Panchayat / Zilla Parishad,618.43,309.8,281.75,90.95,279,5.0,1.7921146953405016,3285,57.0,1.7351598173515983,Ongoing
2023-24,2022-01-03,Bihar,Gaya,Ministry of Education,Samagra Shiksha Abhiyan,Centrally Sponsored (60:40),District Panchayat / Zilla Parishad,316.57,243.25,174.44,81.965,481,0.0,0.0,1477,0.0,0.0,Not Started
2021-22,2025-02-26,Rajasthan,Kota ,Ministry of Agriculture & Farmers Welfare,Pradhan Mantri Fasal Bima Yojana,Central Sector,District Panchayat / Zilla Parishad,35.28,17.84,15.86,88.9,491,490.0,99.79633401221996,1087,1099.0,101.10395584176632,Completed
2024-25,2024-09-07,Uttar Pradesh,Varanasi,Ministry of Rural Development,Mahatma Gandhi National Rural Employment Guarantee Scheme,Centrally Sponsored (60:40),Urban Local Body (ULB),797.11,746.17,692.66,92.83,386,385.0,99.74093264248705,1167,1095.0,93.83033419023135,Completed
2023-24,2022-09-13,Rajasthan,Ajmer,Ministry of Health & Family Welfare,Ayushman Bharat - Pradhan Mantri Jan Arogya Yojana,Centrally Sponsored (60:40),Gram Panchayat,97.21,90.58,55.11,60.84,390,135.0,34.61538461538461,323,1202.0,372.1362229102167,Ongoing
2022-23,2023-12-15,Madhya Pradesh,bhopal,Ministry of Rural Development,Pradhan Mantri Gram Sadak Yojana,Centrally Sponsored (60:40),State Nodal Agency,95.2,53.6,52.56,98.06,222,221.0,99.54954954954955,2799,2540.0,90.74669524830297,Completed
2023-24,2022-05-16,Uttar Pradesh,Lucknow,Ministry of Jal Shakti,Jal Jeevan Mission,Centrally Sponsored (90:10),Gram Panchayat,136.56,85.28,83.95,98.44,162,4.0,2.4691358024691357,2002,47.0,2.3476523476523474,Ongoing
2022-23,2024-07-20,West Bengal,kolkata,Ministry of Education,PM Poshan (Mid-Day Meal Scheme),Centrally Sponsored (60:40),Gram Panchayat,170.9,167.43,174.44,81.965,391,181.0,46.29156010230179,3987,1722.0,43.190368698269374,Ongoing
2022-23,2021-07-19,Karnataka,Belagavi,Ministry of Rural Development,Pradhan Mantri Gram Sadak Yojana,Centrally Sponsored (60:40),District Panchayat / Zilla Parishad,174.66,156.58,135.73,86.68,226,224.0,99.11504424778761,1333,1349.0,101.20030007501875,Completed
2024-25,2024-03-20,Rajasthan,Ajmer,Ministry of Education,PM Poshan (Mid-Day Meal Scheme),Centrally Sponsored (60:40),NGO / Partner Organisation,263.68,200.07,189.18,94.56,359,357.0,99.44289693593315,2532,2522.0,99.60505529225908,Completed
2022-23,2024-04-05,Bihar,Darbhanga,Ministry of Health & Family Welfare,National Health Mission,Centrally Sponsored (60:40),Gram Panchayat,406.94,387.32,0.0,0.0,237,0.0,0.0,548,0.0,0.0,Not Started
2021-22,2023-06-01,West Bengal,Howrah,Ministry of Health & Family Welfare,Ayushman Bharat - Pradhan Mantri Jan Arogya Yojana,Centrally Sponsored (60:40),NGO / Partner Organisation,379.0,232.38,97.36,41.9,44,25.0,56.81818181818182,1372,1202.0,87.60932944606414,Ongoing
2024-25,2023-04-01,Gujarat,Bhavnagar,Ministry of Jal Shakti,Jal Jeevan Mission,Centrally Sponsored (90:10),Gram Panchayat,622.23,361.2,348.81,96.57,300,300.0,100.0,2766,2573.0,93.02241503976862,Completed
2023-24,2022-08-11,West Bengal,Kolkata ,Ministry of Education,Samagra Shiksha Abhiyan,Centrally Sponsored (60:40),State Nodal Agency,796.12,406.37,381.59,93.9,345,345.0,100.0,914,918.0,100.43763676148797,Completed
2024-25,2021-04-20,Bihar, Bhagalpur,Ministry of Health & Family Welfare,National Health Mission,Centrally Sponsored (60:40),State Nodal Agency,555.54,511.14,196.39,38.42,310,272.0,87.74193548387098,4930,4436.0,89.97971602434077,Delayed
2024-25,2024-11-14,Maharashtra,Aurangabad,Ministry of Education,Samagra Shiksha Abhiyan,Centrally Sponsored (60:40),Gram Panchayat,795.54,562.1,0.0,0.0,86,0.0,0.0,811,0.0,0.0,Not Started
2024-25,2024-02-26,Madhya Pradesh,Gwalior,Ministry of Agriculture & Farmers Welfare,Pradhan Mantri Fasal Bima Yojana,Central Sector,State Nodal Agency,498.22,269.5,109.65,40.69,183,98.0,53.551912568306015,1142,553.0,48.42381786339755,Ongoing
2024-25,2023-04-28,West Bengal,siliguri,Ministry of Education,Samagra Shiksha Abhiyan,Centrally Sponsored (60:40),Gram Panchayat,408.99,342.62,265.35,77.45,116,104.0,89.65517241379311,1796,1566.0,87.19376391982183,Ongoing
2023-24,2021-06-10,Maharashtra,Aurangabad,Ministry of Health & Family Welfare,National Health Mission,Centrally Sponsored (60:40),District Panchayat / Zilla Parishad,149.38,144.97,124.8,86.09,443,441.0,99.54853273137697,4117,4017.0,97.57104687879524,Completed
2021-22,2024-04-09,Karnataka,Mangaluru,Ministry of Jal Shakti,Swachh Bharat Mission - Gramin,Centrally Sponsored (60:40),Gram Panchayat,280.0,146.59,0.0,0.0,359,0.0,0.0,2038,0.0,0.0,Not Started
2022-23,2021-07-22,Uttar Pradesh,Meerut ,Ministry of Agriculture & Farmers Welfare,PM Kisan Samman Nidhi,Central Sector,District Panchayat / Zilla Parishad,174.14,142.7,123.06,86.24,477,117.0,24.528301886792452,2885,708.0,24.540727902946273,Delayed
2024-25,2022-02-18,Bihar, Bhagalpur,Ministry of Education,Samagra Shiksha Abhiyan,Centrally Sponsored (60:40),Gram Panchayat,118.79,106.81,63.42,59.38,322,129.0,40.06211180124223,539,220.0,40.816326530612244,Delayed
2023-24,2024-04-20,Uttar Pradesh,kanpur,Ministry of Jal Shakti,Swachh Bharat Mission - Gramin,Centrally Sponsored (60:40),District Panchayat / Zilla Parishad,63.23,36.13,36.06,99.81,361,181.0,50.13850415512465,782,357.0,45.65217391304348,Ongoing
2024-25,2024-03-12,Rajasthan,Jodhpur ,Ministry of Jal Shakti,Swachh Bharat Mission - Gramin,Centrally Sponsored (60:40),Gram Panchayat,760.67,582.06,312.07,53.61,117,16.0,13.675213675213676,2680,348.0,12.985074626865673,Ongoing
2023-24,2024-05-03,Karnataka,Hubballi,Ministry of Rural Development,Pradhan Mantri Gram Sadak Yojana,Centrally Sponsored (60:40),Urban Local Body (ULB),785.81,487.91,428.58,87.84,295,148.0,50.16949152542372,3030,1545.0,50.99009900990099,Ongoing
2023-24,2025-02-01,Uttar Pradesh,Kanpur,Ministry of Jal Shakti,Swachh Bharat Mission - Gramin,Centrally Sponsored (60:40),District Panchayat / Zilla Parishad,597.77,331.74,294.31,88.72,37,22.0,59.45945945945946,1812,1057.0,58.333333333333336,Ongoing
2024-25,2023-05-12,Madhya Pradesh,Indore,Ministry of Jal Shakti,Jal Jeevan Mission,Centrally Sponsored (90:10),State Nodal Agency,389.34,302.61,270.89,89.52,68,46.0,67.64705882352942,2850,1942.0,68.14035087719297,Ongoing
2023-24,2024-07-31,Kerala,Kozhikode ,Ministry of Rural Development,Pradhan Mantri Awas Yojana - Gramin,Centrally Sponsored (60:40),District Panchayat / Zilla Parishad,292.19,155.13,59.94,38.64,264,22.0,8.333333333333332,1577,127.0,8.053265694356373,Delayed
2023-24,2023-10-08,Bihar, Patna,Ministry of Agriculture & Farmers Welfare,PM Kisan Samman Nidhi,Central Sector,District Panchayat / Zilla Parishad,613.53,475.29,263.16,55.37,429,393.0,91.6083916083916,4346,4148.0,95.44408651633685,Ongoing
2024-25,2024-06-19,Tamil Nadu,Coimbatore ,Ministry of Agriculture & Farmers Welfare,PM Kisan Samman Nidhi,Central Sector,Gram Panchayat,127.03,85.5,75.18,87.93,249,248.0,99.59839357429718,3330,3219.0,96.66666666666667,Completed
2022-23,2023-08-18,Rajasthan,Udaipur,Ministry of Health & Family Welfare,National Health Mission,Centrally Sponsored (60:40),Urban Local Body (ULB),136.3,75.25,174.44,81.965,47,12.0,25.53191489361702,4332,1120.0,25.85410895660203,Delayed
2023-24,2024-09-07,West Bengal,Kolkata,Ministry of Rural Development,Pradhan Mantri Awas Yojana - Gramin,Centrally Sponsored (60:40),Urban Local Body (ULB),341.48,200.43,180.67,90.14,224,167.0,74.55357142857143,4423,3037.0,68.66380284874519,Ongoing
2021-22,2024-08-26,Kerala,Thiruvananthapuram ,Ministry of Agriculture & Farmers Welfare,PM Kisan Samman Nidhi,Central Sector,Gram Panchayat,428.2,396.59,296.62,74.79,306,183.0,59.80392156862745,2631,1616.0,61.42151273280122,Ongoing
2024-25,2022-11-07,Kerala,Kozhikode,Ministry of Agriculture & Farmers Welfare,PM Kisan Samman Nidhi,Central Sector,State Nodal Agency,536.97,318.1,240.55,75.62,19,11.0,57.89473684210527,2198,1202.0,54.68607825295724,Ongoing
2023-24,2021-04-03,Kerala,Kozhikode,Ministry of Jal Shakti,Swachh Bharat Mission - Gramin,Centrally Sponsored (60:40),District Panchayat / Zilla Parishad,624.59,582.41,247.94,42.57,151,82.0,54.3046357615894,1669,843.0,50.50928699820252,Delayed
2021-22,2022-11-10,Karnataka,Belagavi ,Ministry of Rural Development,Pradhan Mantri Awas Yojana - Gramin,Centrally Sponsored (60:40),District Panchayat / Zilla Parishad,711.78,445.01,419.78,94.33,377,377.0,100.0,54,53.0,98.14814814814815,Completed
2024-25,2022-11-10,Kerala,Kollam,Ministry of Rural Development,Pradhan Mantri Gram Sadak Yojana,Centrally Sponsored (60:40),Urban Local Body (ULB),386.67,360.47,267.27,74.14,417,310.0,74.34052757793765,4196,3111.0,74.14204003813155,Ongoing
2024-25,2021-07-30,Rajasthan,Ajmer,Ministry of Education,Samagra Shiksha Abhiyan,Centrally Sponsored (60:40),Gram Panchayat,333.67,213.72,149.77,70.08,14,6.0,42.857142857142854,4313,1687.0,39.11430558775794,Ongoing
2021-22,2022-11-08,Maharashtra,Kolhapur,Ministry of Agriculture & Farmers Welfare,PM Kisan Samman Nidhi,Central Sector,District Panchayat / Zilla Parishad,566.18,478.62,365.29,76.32,157,53.0,33.75796178343949,349,113.0,32.37822349570201,Ongoing
2022-23,2023-03-05,Tamil Nadu,Madurai,Ministry of Jal Shakti,Jal Jeevan Mission,Centrally Sponsored (90:10),District Panchayat / Zilla Parishad,22.13,17.87,12.73,71.24,223,152.0,68.16143497757847,476,296.0,62.18487394957983,Ongoing
2022-23,2024-04-10,West Bengal,Asansol,Ministry of Health & Family Welfare,National Health Mission,Centrally Sponsored (60:40),NGO / Partner Organisation,765.76,551.79,510.74,92.56,180,121.0,67.22222222222223,2677,1656.0,61.86029137093762,Ongoing
2022-23,2022-09-13,Rajasthan, Jodhpur,Ministry of Rural Development,Pradhan Mantri Awas Yojana - Gramin,Centrally Sponsored (60:40),State Nodal Agency,628.62,366.34,115.01,31.39,323,35.0,10.8359133126935,1910,194.0,10.157068062827225,Delayed
2024-25,2022-01-29,Rajasthan,Jodhpur,Ministry of Agriculture & Farmers Welfare,PM Kisan Samman Nidhi,Central Sector,State Nodal Agency,90.12,87.76,69.45,79.14,393,361.0,91.85750636132316,1392,1209.0,86.85344827586206,Ongoing
2022-23,2024-04-14,Bihar,Muzaffarpur,Ministry of Agriculture & Farmers Welfare,PM Kisan Samman Nidhi,Central Sector,Gram Panchayat,588.31,505.73,265.98,52.59,367,25.0,6.811989100817439,219,15.0,6.8493150684931505,Ongoing
2022-23,2021-09-10,Karnataka,Belagavi,Ministry of Education,PM Poshan (Mid-Day Meal Scheme),Centrally Sponsored (60:40),Gram Panchayat,205.92,181.45,57.94,31.93,319,160.0,50.15673981191222,2108,1043.0,49.47817836812145,Ongoing
2024-25,2021-08-22,Uttar Pradesh,Lucknow,Ministry of Rural Development,Mahatma Gandhi National Rural Employment Guarantee Scheme,Centrally Sponsored (60:40),Gram Panchayat,428.33,270.99,268.07,98.92,212,211.0,99.52830188679245,2788,2660.0,95.40889526542324,Completed
2022-23,2023-03-13,Bihar,Bhagalpur ,Ministry of Rural Development,Pradhan Mantri Awas Yojana - Gramin,Centrally Sponsored (60:40),Gram Panchayat,702.84,477.29,339.69,71.17,120,82.0,68.33333333333333,999,657.0,65.76576576576578,Delayed
2022-23,2022-07-14,Maharashtra,Nagpur,Ministry of Education,PM Poshan (Mid-Day Meal Scheme),Centrally Sponsored (60:40),Urban Local Body (ULB),162.8,83.69,83.6,99.89,214,129.0,60.280373831775705,3747,3592.0,95.8633573525487,Completed
2023-24,2023-02-23,Uttar Pradesh,Agra,Ministry of Rural Development,Pradhan Mantri Awas Yojana - Gramin,Centrally Sponsored (60:40),State Nodal Agency,235.89,148.22,146.24,98.66,28,7.0,25.0,3716,879.0,23.654467168998924,Ongoing
2023-24,2023-06-12,Maharashtra,kolhapur,Ministry of Education,Samagra Shiksha Abhiyan,Centrally Sponsored (60:40),Urban Local Body (ULB),311.22,170.04,137.55,80.89,270,122.0,45.18518518518518,3740,1666.0,44.54545454545455,Delayed
2021-22,2023-11-16,West Bengal,Durgapur,Ministry of Agriculture & Farmers Welfare,PM Kisan Samman Nidhi,Central Sector,State Nodal Agency,226.56,213.17,104.58,49.06,263,72.0,27.376425855513308,1935,531.0,27.44186046511628,Ongoing
2023-24,2024-04-26,Karnataka,Bengaluru,Ministry of Health & Family Welfare,National Health Mission,Centrally Sponsored (60:40),Gram Panchayat,208.28,188.17,166.89,88.69,86,129.0,150.0,1142,1143.0,100.0875656742557,Completed
2023-24,2024-10-18,Kerala,Thiruvananthapuram,Ministry of Health & Family Welfare,Ayushman Bharat - Pradhan Mantri Jan Arogya Yojana,Centrally Sponsored (60:40),Gram Panchayat,43.68,37.38,33.76,90.32,280,280.0,100.0,1195,1193.0,99.8326359832636,Completed
2024-25,2022-04-13,Uttar Pradesh,Varanasi,Ministry of Education,Samagra Shiksha Abhiyan,Centrally Sponsored (60:40),Gram Panchayat,264.47,164.6,174.44,81.965,214,213.0,99.53271028037383,234,224.0,95.72649572649573,Completed
2023-24,2023-04-16,Kerala,Kozhikode,Ministry of Rural Development,Mahatma Gandhi National Rural Employment Guarantee Scheme,Centrally Sponsored (60:40),District Panchayat / Zilla Parishad,604.36,449.78,425.07,94.51,329,327.0,99.3920972644377,3299,3193.0,96.78690512276448,Completed
2024-25,2021-09-22,Karnataka,mangaluru,Ministry of Agriculture & Farmers Welfare,PM Kisan Samman Nidhi,Central Sector,District Panchayat / Zilla Parishad,622.27,566.44,427.15,75.41,92,25.0,27.173913043478258,1879,469.0,24.960085151676424,Delayed
2023-24,2023-10-25,Tamil Nadu,Coimbatore,Ministry of Health & Family Welfare,National Health Mission,Centrally Sponsored (60:40),Gram Panchayat,35.35,30.03,28.26,94.11,107,6.0,5.607476635514018,4170,222.0,5.323741007194244,Ongoing
2024-25,2021-08-27,Karnataka,Belagavi,Ministry of Rural Development,Pradhan Mantri Awas Yojana - Gramin,Centrally Sponsored (60:40),Urban Local Body (ULB),292.75,203.15,74.45,36.65,284,100.0,35.2112676056338,4683,1202.0,25.66730728165706,Ongoing
2021-22,2025-03-11,Karnataka,Mysuru,Ministry of Rural Development,Mahatma Gandhi National Rural Employment Guarantee Scheme,Centrally Sponsored (60:40),District Panchayat / Zilla Parishad,88.81,85.28,81.98,96.13,149,147.0,98.65771812080537,3559,3193.0,89.71621241921888,Completed
2022-23,2022-08-14,West Bengal,Asansol ,Ministry of Rural Development,Pradhan Mantri Awas Yojana - Gramin,Centrally Sponsored (60:40),Gram Panchayat,133.32,117.38,116.3,99.08,117,12.0,10.256410256410255,611,64.0,10.474631751227497,Delayed
2022-23,2023-07-12,Tamil Nadu, Salem,Ministry of Agriculture & Farmers Welfare,PM Kisan Samman Nidhi,Central Sector,Gram Panchayat,40.06,27.05,15.89,58.74,128,129.0,100.78125,2451,863.0,35.21011831905344,Delayed
2024-25,2025-01-21,Madhya Pradesh,Ujjain,Ministry of Agriculture & Farmers Welfare,PM Kisan Samman Nidhi,Central Sector,State Nodal Agency,633.53,324.69,174.44,81.965,261,101.0,38.69731800766284,378,135.0,35.714285714285715,Delayed
2024-25,2023-04-26,Uttar Pradesh,meerut,Ministry of Rural Development,Mahatma Gandhi National Rural Employment Guarantee Scheme,Centrally Sponsored (60:40),State Nodal Agency,435.23,384.93,383.58,99.65,65,23.0,35.38461538461539,4265,1428.0,33.48182883939039,Delayed
2024-25,2023-11-09,Bihar,Darbhanga,Ministry of Jal Shakti,Swachh Bharat Mission - Gramin,Centrally Sponsored (60:40),State Nodal Agency,687.19,370.29,192.38,51.95,422,120.0,28.436018957345972,1052,305.0,28.99239543726236,Delayed
2021-22,2025-02-20,Bihar,Muzaffarpur,Ministry of Health & Family Welfare,Ayushman Bharat - Pradhan Mantri Jan Arogya Yojana,Centrally Sponsored (60:40),Gram Panchayat,224.96,202.22,183.63,90.81,408,406.0,99.50980392156863,1803,1779.0,98.66888519134775,Completed
2022-23,2023-12-02,Gujarat,Vadodara,Ministry of Education,PM Poshan (Mid-Day Meal Scheme),Centrally Sponsored (60:40),Urban Local Body (ULB),415.05,372.0,370.98,99.73,424,424.0,100.0,3798,3816.0,100.4739336492891,Completed
2021-22,2022-12-12,Kerala,kochi,Ministry of Jal Shakti,Swachh Bharat Mission - Gramin,Centrally Sponsored (60:40),Urban Local Body (ULB),152.62,117.92,38.56,32.7,179,33.0,18.435754189944134,1098,202.0,18.397085610200364,Ongoing
2023-24,2024-09-12,Tamil Nadu,chennai,Ministry of Jal Shakti,Jal Jeevan Mission,Centrally Sponsored (90:10),State Nodal Agency,313.35,160.8,78.72,48.96,101,40.0,39.603960396039604,102,39.0,38.23529411764706,Ongoing
2024-25,2025-03-19,Maharashtra,Kolhapur,Ministry of Jal Shakti,Swachh Bharat Mission - Gramin,Centrally Sponsored (60:40),NGO / Partner Organisation,424.72,351.05,334.51,95.29,176,174.0,98.86363636363636,1706,1725.0,101.11371629542789,Completed
2022-23,2022-05-20,Gujarat, Rajkot,Ministry of Health & Family Welfare,National Health Mission,Centrally Sponsored (60:40),NGO / Partner Organisation,138.71,76.5,26.49,34.63,71,61.0,85.91549295774648,4940,4322.0,87.48987854251013,Delayed
2021-22,2023-05-05,Maharashtra,Nashik,Ministry of Agriculture & Farmers Welfare,Pradhan Mantri Fasal Bima Yojana,Central Sector,State Nodal Agency,554.36,541.62,0.0,0.0,148,0.0,0.0,4616,0.0,0.0,Not Started
2023-24,2022-05-12,Bihar,bhagalpur,Ministry of Rural Development,Pradhan Mantri Gram Sadak Yojana,Centrally Sponsored (60:40),District Panchayat / Zilla Parishad,93.6,85.22,83.01,97.41,396,396.0,100.0,4135,3950.0,95.52599758162032,Completed
2023-24,2021-07-07,Uttar Pradesh,Varanasi,Ministry of Rural Development,Pradhan Mantri Gram Sadak Yojana,Centrally Sponsored (60:40),Urban Local Body (ULB),133.3,118.67,0.0,0.0,78,0.0,0.0,2107,0.0,0.0,Not Started
2021-22,2024-12-15,Maharashtra,Nagpur,Ministry of Rural Development,Pradhan Mantri Gram Sadak Yojana,Centrally Sponsored (60:40),Urban Local Body (ULB),397.61,273.76,255.77,93.43,238,152.0,63.86554621848739,723,446.0,61.68741355463347,Delayed
2023-24,2023-02-02,West Bengal,howrah,Ministry of Jal Shakti,Jal Jeevan Mission,Centrally Sponsored (90:10),Gram Panchayat,95.14,53.8,33.67,62.58,420,166.0,39.523809523809526,4314,1739.0,40.31061659712564,Ongoing
2023-24,2021-10-22,Maharashtra,Kolhapur,Ministry of Health & Family Welfare,National Health Mission,Centrally Sponsored (60:40),Urban Local Body (ULB),239.28,138.21,124.53,90.1,249,249.0,100.0,3501,3358.0,95.91545272779206,Completed
2021-22,2022-02-06,Kerala,Kochi,Ministry of Health & Family Welfare,National Health Mission,Centrally Sponsored (60:40),NGO / Partner Organisation,667.91,570.48,510.6,89.5,288,287.0,99.65277777777779,3555,3572.0,100.47819971870604,Completed
2022-23,2024-04-29,Kerala,Thrissur,Ministry of Rural Development,Pradhan Mantri Gram Sadak Yojana,Centrally Sponsored (60:40),Urban Local Body (ULB),326.21,173.43,168.3,97.04,125,125.0,100.0,3658,3659.0,100.02733734281028,Completed
2023-24,2025-02-15,Rajasthan,Jodhpur,Ministry of Agriculture & Farmers Welfare,PM Kisan Samman Nidhi,Central Sector,Urban Local Body (ULB),573.52,298.44,269.35,90.25,200,183.0,91.5,2716,2488.0,91.60530191458027,Ongoing
2021-22,2022-08-12,Rajasthan,Udaipur,Ministry of Education,Samagra Shiksha Abhiyan,Centrally Sponsored (60:40),Urban Local Body (ULB),132.02,101.1,99.23,98.15,451,449.0,99.55654101995566,2139,2076.0,97.054698457223,Completed
2024-25,2021-06-11,Gujarat,ahmedabad,Ministry of Rural Development,Pradhan Mantri Gram Sadak Yojana,Centrally Sponsored (60:40),Gram Panchayat,221.81,200.38,0.0,0.0,180,0.0,0.0,2893,0.0,0.0,Not Started
2024-25,2022-06-07,Madhya Pradesh,Ujjain,Ministry of Education,PM Poshan (Mid-Day Meal Scheme),Centrally Sponsored (60:40),District Panchayat / Zilla Parishad,715.27,378.58,374.16,98.83,109,108.0,99.08256880733946,4125,1202.0,29.139393939393937,Completed
2023-24,2022-09-10,Kerala,kozhikode,Ministry of Rural Development,Mahatma Gandhi National Rural Employment Guarantee Scheme,Centrally Sponsored (60:40),Gram Panchayat,392.61,281.35,174.44,81.965,454,71.0,15.638766519823788,844,126.0,14.928909952606634,Ongoing
2024-25,2022-12-28,Bihar, Gaya,Ministry of Jal Shakti,Jal Jeevan Mission,Centrally Sponsored (90:10),Urban Local Body (ULB),361.43,339.76,296.52,87.27,241,239.0,99.1701244813278,2454,2409.0,98.16625916870416,Completed
2022-23,2022-07-19,Bihar,Bhagalpur,Ministry of Health & Family Welfare,National Health Mission,Centrally Sponsored (60:40),District Panchayat / Zilla Parishad,720.22,448.61,161.64,36.03,484,37.0,7.644628099173553,3352,236.0,7.040572792362769,Ongoing
2024-25,2021-06-26,Rajasthan,Kota,Ministry of Health & Family Welfare,National Health Mission,Centrally Sponsored (60:40),NGO / Partner Organisation,680.01,569.06,441.07,77.51,214,204.0,95.32710280373831,1215,1150.0,94.65020576131687,Ongoing
2022-23,2025-03-20,Maharashtra,Nagpur,Ministry of Education,PM Poshan (Mid-Day Meal Scheme),Centrally Sponsored (60:40),Gram Panchayat,674.66,364.95,0.0,0.0,354,0.0,0.0,3172,0.0,0.0,Not Started
2021-22,2025-02-23,Karnataka,mysuru,Ministry of Education,PM Poshan (Mid-Day Meal Scheme),Centrally Sponsored (60:40),District Panchayat / Zilla Parishad,654.73,466.55,234.26,50.21,434,279.0,64.28571428571429,623,411.0,65.97110754414125,Delayed
2023-24,2021-10-28,Madhya Pradesh,Gwalior,Ministry of Health & Family Welfare,National Health Mission,Centrally Sponsored (60:40),Gram Panchayat,610.21,567.68,525.36,92.55,384,382.0,99.47916666666666,2681,2681.0,100.0,Completed
2022-23,2021-11-12,Rajasthan,Ajmer,Ministry of Health & Family Welfare,Ayushman Bharat - Pradhan Mantri Jan Arogya Yojana,Centrally Sponsored (60:40),District Panchayat / Zilla Parishad,401.05,239.15,231.97,97.0,256,255.0,99.609375,288,263.0,91.31944444444444,Completed
2023-24,2024-12-16,Bihar,Bhagalpur,Ministry of Jal Shakti,Swachh Bharat Mission - Gramin,Centrally Sponsored (60:40),District Panchayat / Zilla Parishad,126.46,123.8,122.72,99.13,211,209.0,99.0521327014218,4873,1202.0,24.666529858403447,Completed
2024-25,2023-08-12,Madhya Pradesh,Ujjain,Ministry of Education,PM Poshan (Mid-Day Meal Scheme),Centrally Sponsored (60:40),Gram Panchayat,120.71,66.53,32.4,48.7,452,290.0,64.15929203539822,469,311.0,66.31130063965884,Delayed
2024-25,2024-01-07,Tamil Nadu,Madurai,Ministry of Jal Shakti,Jal Jeevan Mission,Centrally Sponsored (90:10),NGO / Partner Organisation,755.99,534.69,398.26,74.48,145,20.0,13.793103448275861,3980,563.0,14.14572864321608,Ongoing
2022-23,2023-07-24,West Bengal,Howrah,Ministry of Rural Development,Pradhan Mantri Awas Yojana - Gramin,Centrally Sponsored (60:40),Gram Panchayat,427.82,302.61,275.92,91.18,363,361.0,99.44903581267218,4327,4336.0,100.20799630228797,Completed
2024-25,2021-04-25,Rajasthan,Jaipur ,Ministry of Jal Shakti,Jal Jeevan Mission,Centrally Sponsored (90:10),Urban Local Body (ULB),791.21,570.71,554.21,97.11,321,304.0,94.70404984423676,3038,2914.0,95.91836734693877,Delayed
2021-22,2021-10-12,Karnataka,Belagavi,Ministry of Agriculture & Farmers Welfare,PM Kisan Samman Nidhi,Central Sector,Gram Panchayat,448.15,334.32,328.45,98.24,106,104.0,98.11320754716981,2224,2117.0,95.18884892086331,Completed
2024-25,2024-03-22,Uttar Pradesh,Kanpur,Ministry of Agriculture & Farmers Welfare,PM Kisan Samman Nidhi,Central Sector,District Panchayat / Zilla Parishad,491.97,332.74,0.0,0.0,442,0.0,0.0,2130,0.0,0.0,Not Started
2022-23,2023-12-14,Maharashtra,Pune,Ministry of Jal Shakti,Swachh Bharat Mission - Gramin,Centrally Sponsored (60:40),Gram Panchayat,592.71,501.02,310.45,61.96,337,210.0,62.31454005934718,1372,811.0,59.110787172011655,Ongoing
2021-22,2024-12-30,West Bengal,Durgapur,Ministry of Jal Shakti,Swachh Bharat Mission - Gramin,Centrally Sponsored (60:40),Gram Panchayat,218.92,177.01,57.35,32.4,374,192.0,51.33689839572193,1091,521.0,47.75435380384968,Delayed
2023-24,2024-02-13,Tamil Nadu,tiruchirappalli,Ministry of Health & Family Welfare,Ayushman Bharat - Pradhan Mantri Jan Arogya Yojana,Centrally Sponsored (60:40),Urban Local Body (ULB),296.83,166.07,165.0,99.36,22,22.0,100.0,2797,2548.0,91.09760457633178,Completed
2024-25,2022-07-05,West Bengal,Siliguri,Ministry of Jal Shakti,Jal Jeevan Mission,Centrally Sponsored (90:10),NGO / Partner Organisation,557.53,358.76,174.44,81.965,105,24.0,22.857142857142858,2216,483.0,21.796028880866423,Ongoing
2022-23,2021-10-31,Uttar Pradesh,Lucknow,Ministry of Health & Family Welfare,Ayushman Bharat - Pradhan Mantri Jan Arogya Yojana,Centrally Sponsored (60:40),Urban Local Body (ULB),247.03,124.08,117.08,94.36,165,163.0,98.7878787878788,2820,2654.0,94.11347517730496,Completed
2021-22,2024-08-21,Gujarat,Surat,Ministry of Jal Shakti,Jal Jeevan Mission,Centrally Sponsored (90:10),District Panchayat / Zilla Parishad,21.72,19.48,19.41,99.64,72,129.0,179.16666666666669,3724,618.0,16.595059076262082,Ongoing
2021-22,2023-08-07,West Bengal,Durgapur,Ministry of Education,PM Poshan (Mid-Day Meal Scheme),Centrally Sponsored (60:40),NGO / Partner Organisation,606.58,462.86,408.36,88.23,168,61.0,36.30952380952381,336,119.0,35.41666666666667,Ongoing
2024-25,2023-08-26,Maharashtra,Kolhapur,Ministry of Education,PM Poshan (Mid-Day Meal Scheme),Centrally Sponsored (60:40),Urban Local Body (ULB),409.5,355.71,336.72,94.66,60,0.0,0.0,3157,0.0,0.0,Delayed
2021-22,2022-01-26,Karnataka,Belagavi ,Ministry of Rural Development,Mahatma Gandhi National Rural Employment Guarantee Scheme,Centrally Sponsored (60:40),Urban Local Body (ULB),57.58,50.46,49.53,98.16,175,174.0,99.42857142857143,2157,2056.0,95.31757070004636,Completed
2024-25,2023-05-09,Madhya Pradesh,Gwalior,Ministry of Agriculture & Farmers Welfare,Pradhan Mantri Fasal Bima Yojana,Central Sector,District Panchayat / Zilla Parishad,322.54,162.6,146.61,90.17,286,285.0,99.65034965034964,3610,3598.0,99.66759002770084,Completed
2022-23,2021-04-01,Gujarat,Surat,Ministry of Agriculture & Farmers Welfare,PM Kisan Samman Nidhi,Central Sector,District Panchayat / Zilla Parishad,671.01,384.8,255.53,66.41,485,467.0,96.28865979381443,1287,1185.0,92.07459207459208,Ongoing
2024-25,2022-09-12,Gujarat,Surat,Ministry of Jal Shakti,Jal Jeevan Mission,Centrally Sponsored (90:10),District Panchayat / Zilla Parishad,290.75,235.98,142.02,60.18,356,213.0,59.8314606741573,169,92.0,54.437869822485204,Delayed
2021-22,2023-10-01,Bihar,Patna,Ministry of Rural Development,Pradhan Mantri Gram Sadak Yojana,Centrally Sponsored (60:40),Gram Panchayat,256.16,232.48,113.48,48.81,498,378.0,75.90361445783132,3711,2875.0,77.47237941255726,Ongoing
2024-25,2024-01-24,Bihar,muzaffarpur,Ministry of Health & Family Welfare,Ayushman Bharat - Pradhan Mantri Jan Arogya Yojana,Centrally Sponsored (60:40),Urban Local Body (ULB),564.12,312.39,182.06,58.28,274,108.0,39.416058394160586,758,286.0,37.73087071240106,Delayed
2021-22,2023-10-07,Maharashtra,Nagpur,Ministry of Jal Shakti,Swachh Bharat Mission - Gramin,Centrally Sponsored (60:40),Gram Panchayat,122.07,101.8,44.15,43.37,394,294.0,74.61928934010153,4976,3371.0,67.74517684887459,Delayed
2023-24,2024-03-17,Uttar Pradesh,Varanasi,Ministry of Health & Family Welfare,Ayushman Bharat - Pradhan Mantri Jan Arogya Yojana,Centrally Sponsored (60:40),District Panchayat / Zilla Parishad,302.71,212.07,0.0,0.0,214,0.0,0.0,322,0.0,0.0,Not Started
2022-23,2021-10-24,Tamil Nadu,tiruchirappalli,Ministry of Health & Family Welfare,Ayushman Bharat - Pradhan Mantri Jan Arogya Yojana,Centrally Sponsored (60:40),Gram Panchayat,649.81,543.69,470.57,86.55,47,31.0,65.95744680851064,706,428.0,60.62322946175638,Ongoing
2022-23,2021-09-15,West Bengal,Siliguri,Ministry of Jal Shakti,Swachh Bharat Mission - Gramin,Centrally Sponsored (60:40),Gram Panchayat,786.25,444.59,407.09,91.57,121,86.0,71.07438016528926,4110,2690.0,65.45012165450122,Ongoing
2021-22,2023-08-04,Rajasthan,Jaipur,Ministry of Rural Development,Pradhan Mantri Gram Sadak Yojana,Centrally Sponsored (60:40),Urban Local Body (ULB),721.74,654.85,0.0,0.0,37,0.0,0.0,1974,0.0,0.0,Not Started
2022-23,2021-04-15,Rajasthan,Kota,Ministry of Health & Family Welfare,Ayushman Bharat - Pradhan Mantri Jan Arogya Yojana,Centrally Sponsored (60:40),District Panchayat / Zilla Parishad,196.28,143.77,80.39,55.92,155,128.0,82.58064516129032,1611,1337.0,82.99193047796399,Ongoing
2022-23,2021-11-12,West Bengal,Siliguri ,Ministry of Rural Development,Mahatma Gandhi National Rural Employment Guarantee Scheme,Centrally Sponsored (60:40),NGO / Partner Organisation,687.3,661.55,627.67,94.88,348,346.0,99.42528735632183,1990,1998.0,100.40201005025126,Completed
2023-24,2024-07-28,Uttar Pradesh,Kanpur,Ministry of Education,Samagra Shiksha Abhiyan,Centrally Sponsored (60:40),District Panchayat / Zilla Parishad,392.1,199.18,162.73,81.7,59,47.0,79.66101694915254,721,548.0,76.00554785020805,Delayed
2022-23,2024-10-08,Madhya Pradesh,Ujjain,Ministry of Agriculture & Farmers Welfare,Pradhan Mantri Fasal Bima Yojana,Central Sector,Gram Panchayat,46.45,25.03,9.91,39.59,39,4.0,10.256410256410255,3992,393.0,9.844689378757515,Delayed
2022-23,2023-05-28,Madhya Pradesh,Jabalpur,Ministry of Rural Development,Pradhan Mantri Awas Yojana - Gramin,Centrally Sponsored (60:40),District Panchayat / Zilla Parishad,669.54,507.87,465.23,91.6,494,127.0,25.708502024291498,3641,963.0,26.448777808294427,Ongoing
2023-24,2023-12-24,Maharashtra,Aurangabad,Ministry of Health & Family Welfare,National Health Mission,Centrally Sponsored (60:40),Gram Panchayat,45.01,35.72,31.94,89.42,143,143.0,100.0,4250,4144.0,97.50588235294117,Completed
2021-22,2021-06-23,Tamil Nadu,Chennai,Ministry of Rural Development,Pradhan Mantri Gram Sadak Yojana,Centrally Sponsored (60:40),Gram Panchayat,78.06,73.96,66.2,89.51,287,287.0,100.0,4053,3859.0,95.21342215642734,Completed
2022-23,2024-06-16,Madhya Pradesh,Jabalpur,Ministry of Health & Family Welfare,National Health Mission,Centrally Sponsored (60:40),Gram Panchayat,88.9,83.1,49.68,59.78,337,53.0,15.727002967359049,301,44.0,14.61794019933555,Ongoing
2022-23,2024-02-06,Karnataka,Mangaluru,Ministry of Rural Development,Pradhan Mantri Awas Yojana - Gramin,Centrally Sponsored (60:40),District Panchayat / Zilla Parishad,799.87,597.84,490.22,82.0,27,10.0,37.03703703703704,3004,1078.0,35.885486018641814,Delayed
2021-22,2025-02-27,Tamil Nadu, Chennai,Ministry of Rural Development,Pradhan Mantri Awas Yojana - Gramin,Centrally Sponsored (60:40),Gram Panchayat,636.74,561.87,559.66,99.61,8,7.0,87.5,728,626.0,85.98901098901099,Completed
2022-23,2023-10-20,Maharashtra,Aurangabad ,Ministry of Education,Samagra Shiksha Abhiyan,Centrally Sponsored (60:40),Gram Panchayat,338.29,314.09,274.39,87.36,49,28.0,57.14285714285714,257,137.0,53.30739299610895,Delayed
2023-24,2022-07-29,West Bengal,Kolkata,Ministry of Jal Shakti,Swachh Bharat Mission - Gramin,Centrally Sponsored (60:40),State Nodal Agency,724.43,673.82,174.44,81.965,384,323.0,84.11458333333334,3984,3295.0,82.70582329317268,Ongoing
2024-25,2022-04-26,Tamil Nadu,Chennai,Ministry of Jal Shakti,Jal Jeevan Mission,Centrally Sponsored (90:10),Gram Panchayat,286.16,175.79,0.0,0.0,115,0.0,0.0,2248,0.0,0.0,Not Started
2024-25,2024-10-26,Uttar Pradesh,agra,Ministry of Agriculture & Farmers Welfare,PM Kisan Samman Nidhi,Central Sector,Gram Panchayat,109.11,59.0,58.35,98.9,442,440.0,99.5475113122172,3551,3500.0,98.5637848493382,Completed
2021-22,2024-01-10,Gujarat,Surat,Ministry of Health & Family Welfare,National Health Mission,Centrally Sponsored (60:40),District Panchayat / Zilla Parishad,710.1,470.89,152.32,32.35,117,100.0,85.47008547008546,582,453.0,77.83505154639175,Delayed
2023-24,2025-03-21,Tamil Nadu,Madurai,Ministry of Education,PM Poshan (Mid-Day Meal Scheme),Centrally Sponsored (60:40),District Panchayat / Zilla Parishad,348.05,227.45,158.03,69.48,148,23.0,15.54054054054054,486,77.0,15.843621399176955,Ongoing
2023-24,2021-06-01,Tamil Nadu,Coimbatore,Ministry of Agriculture & Farmers Welfare,Pradhan Mantri Fasal Bima Yojana,Central Sector,Gram Panchayat,399.67,219.98,210.49,95.69,412,41.0,9.951456310679612,2146,224.0,10.43802423112768,Delayed
2024-25,2022-10-16,Rajasthan,Jodhpur ,Ministry of Education,Samagra Shiksha Abhiyan,Centrally Sponsored (60:40),Gram Panchayat,104.29,74.9,45.84,61.2,45,4.0,8.88888888888889,571,49.0,8.581436077057793,Delayed
2023-24,2022-05-04,Maharashtra,Nagpur,Ministry of Jal Shakti,Swachh Bharat Mission - Gramin,Centrally Sponsored (60:40),State Nodal Agency,392.35,334.69,231.34,69.12,260,226.0,86.92307692307692,698,619.0,88.68194842406876,Delayed
2023-24,2022-03-17,Karnataka,Mysuru,Ministry of Education,Samagra Shiksha Abhiyan,Centrally Sponsored (60:40),Gram Panchayat,734.02,474.26,288.4,60.81,172,1.0,0.5813953488372093,568,3.0,0.528169014084507,Ongoing
2024-25,2022-08-24,Kerala,Thiruvananthapuram,Ministry of Rural Development,Mahatma Gandhi National Rural Employment Guarantee Scheme,Centrally Sponsored (60:40),State Nodal Agency,578.51,432.1,174.44,81.965,93,92.0,98.9247311827957,4270,3893.0,91.17096018735363,Completed
2024-25,2024-09-20,Rajasthan,Udaipur,Ministry of Rural Development,Pradhan Mantri Awas Yojana - Gramin,Centrally Sponsored (60:40),District Panchayat / Zilla Parishad,648.59,511.48,198.86,38.88,77,36.0,46.75324675324675,3799,1769.0,46.56488549618321,Ongoing
2023-24,2021-08-06,Maharashtra,Nagpur,Ministry of Health & Family Welfare,National Health Mission,Centrally Sponsored (60:40),District Panchayat / Zilla Parishad,434.27,302.42,96.15,31.79,270,70.0,25.925925925925924,1255,310.0,24.701195219123505,Delayed
2024-25,2023-01-03,West Bengal,Durgapur,Ministry of Health & Family Welfare,National Health Mission,Centrally Sponsored (60:40),NGO / Partner Organisation,459.33,412.9,367.73,89.06,224,152.0,67.85714285714286,932,571.0,61.26609442060086,Ongoing
2023-24,2022-07-24,Karnataka,Mangaluru ,Ministry of Health & Family Welfare,Ayushman Bharat - Pradhan Mantri Jan Arogya Yojana,Centrally Sponsored (60:40),State Nodal Agency,649.36,414.58,0.0,0.0,176,0.0,0.0,1655,0.0,0.0,Not Started
2021-22,2022-06-16,Uttar Pradesh,Meerut,Ministry of Agriculture & Farmers Welfare,PM Kisan Samman Nidhi,Central Sector,Gram Panchayat,599.65,342.24,310.74,90.8,7,5.0,71.42857142857143,1094,748.0,68.37294332723948,Completed
2022-23,2023-10-19,Madhya Pradesh,ujjain,Ministry of Rural Development,Mahatma Gandhi National Rural Employment Guarantee Scheme,Centrally Sponsored (60:40),State Nodal Agency,120.95,117.15,111.66,95.31,384,382.0,99.47916666666666,3813,3816.0,100.0786782061369,Completed
2022-23,2023-07-01,Rajasthan,Jaipur,Ministry of Agriculture & Farmers Welfare,PM Kisan Samman Nidhi,Central Sector,State Nodal Agency,557.64,525.34,413.81,78.77,245,24.0,9.795918367346939,3598,341.0,9.477487493051695,Ongoing
2023-24,2022-07-17,Maharashtra,Nagpur,Ministry of Jal Shakti,Swachh Bharat Mission - Gramin,Centrally Sponsored (60:40),District Panchayat / Zilla Parishad,218.11,143.98,130.21,90.44,495,384.0,77.57575757575758,3037,2373.0,78.13631873559433,Ongoing
2022-23,2023-12-02,Rajasthan,Udaipur,Ministry of Rural Development,Pradhan Mantri Gram Sadak Yojana,Centrally Sponsored (60:40),District Panchayat / Zilla Parishad,601.05,437.38,227.58,52.03,352,44.0,12.5,4712,593.0,12.584889643463498,Delayed
2024-25,2021-05-02,Karnataka,Belagavi,Ministry of Health & Family Welfare,National Health Mission,Centrally Sponsored (60:40),Gram Panchayat,648.98,457.38,412.37,90.16,481,479.0,99.58419958419958,4004,3604.0,90.00999000999002,Completed
2023-24,2025-02-10,Madhya Pradesh,Indore,Ministry of Health & Family Welfare,Ayushman Bharat - Pradhan Mantri Jan Arogya Yojana,Centrally Sponsored (60:40),NGO / Partner Organisation,250.95,205.81,185.89,90.32,218,129.0,59.174311926605505,4745,4633.0,97.63962065331928,Completed
2021-22,2022-09-16,Karnataka,Mangaluru,Ministry of Rural Development,Pradhan Mantri Gram Sadak Yojana,Centrally Sponsored (60:40),District Panchayat / Zilla Parishad,318.8,167.06,149.56,89.52,409,409.0,100.0,3846,3848.0,100.0520020800832,Completed
2021-22,2025-01-01,Bihar,Darbhanga ,Ministry of Health & Family Welfare,Ayushman Bharat - Pradhan Mantri Jan Arogya Yojana,Centrally Sponsored (60:40),NGO / Partner Organisation,451.53,350.25,310.49,88.65,447,287.0,64.20581655480984,2581,1677.0,64.97481596280511,Delayed
2023-24,2023-04-06,Tamil Nadu,Coimbatore ,Ministry of Rural Development,Mahatma Gandhi National Rural Employment Guarantee Scheme,Centrally Sponsored (60:40),State Nodal Agency,469.26,429.31,181.83,42.35,163,118.0,72.39263803680981,949,692.0,72.91886195995785,Delayed
2023-24,2025-02-03,Kerala,kozhikode,Ministry of Jal Shakti,Swachh Bharat Mission - Gramin,Centrally Sponsored (60:40),Urban Local Body (ULB),595.33,492.16,431.74,87.72,354,353.0,99.71751412429379,2003,2005.0,100.09985022466302,Completed
2023-24,2022-06-20,Gujarat, Bhavnagar,Ministry of Agriculture & Farmers Welfare,PM Kisan Samman Nidhi,Central Sector,Gram Panchayat,463.03,451.68,403.45,89.32,323,310.0,95.97523219814241,538,526.0,97.76951672862454,Ongoing
2024-25,2024-10-29,West Bengal,Kolkata,Ministry of Health & Family Welfare,Ayushman Bharat - Pradhan Mantri Jan Arogya Yojana,Centrally Sponsored (60:40),District Panchayat / Zilla Parishad,676.72,570.45,349.94,61.34,342,86.0,25.146198830409354,4747,1111.0,23.404255319148938,Ongoing
2022-23,2022-06-08,Uttar Pradesh, Kanpur,Ministry of Jal Shakti,Swachh Bharat Mission - Gramin,Centrally Sponsored (60:40),Urban Local Body (ULB),270.71,252.95,243.42,96.23,395,393.0,99.49367088607595,1507,1452.0,96.35036496350365,Completed
2023-24,2021-09-16,Gujarat,Ahmedabad,Ministry of Rural Development,Pradhan Mantri Gram Sadak Yojana,Centrally Sponsored (60:40),State Nodal Agency,655.54,378.38,248.34,65.63,482,118.0,24.481327800829874,4849,1144.0,23.59249329758713,Delayed
2024-25,2022-01-20,Uttar Pradesh,Varanasi,Ministry of Education,PM Poshan (Mid-Day Meal Scheme),Centrally Sponsored (60:40),State Nodal Agency,503.18,401.51,174.0,43.34,13,8.0,61.53846153846154,2453,1415.0,57.68446799836935,Delayed
2021-22,2025-03-04,Gujarat, Rajkot,Ministry of Jal Shakti,Jal Jeevan Mission,Centrally Sponsored (90:10),State Nodal Agency,631.35,576.26,174.44,81.965,423,421.0,99.52718676122932,1499,1362.0,90.86057371581055,Ongoing
2023-24,2021-09-23,Karnataka,Hubballi,Ministry of Rural Development,Mahatma Gandhi National Rural Employment Guarantee Scheme,Centrally Sponsored (60:40),Gram Panchayat,632.63,480.39,0.0,0.0,442,0.0,0.0,850,0.0,0.0,Not Started
2021-22,2024-07-02,Karnataka,belagavi,Ministry of Jal Shakti,Swachh Bharat Mission - Gramin,Centrally Sponsored (60:40),District Panchayat / Zilla Parishad,665.11,547.0,195.32,35.71,437,302.0,69.10755148741418,3273,2176.0,66.48334860983806,Delayed
2021-22,2025-03-07,Kerala,Thiruvananthapuram,Ministry of Education,Samagra Shiksha Abhiyan,Centrally Sponsored (60:40),State Nodal Agency,160.94,124.12,0.0,0.0,37,0.0,0.0,517,0.0,0.0,Not Started
2021-22,2022-11-04,Uttar Pradesh,Varanasi,Ministry of Health & Family Welfare,Ayushman Bharat - Pradhan Mantri Jan Arogya Yojana,Centrally Sponsored (60:40),State Nodal Agency,175.73,130.95,117.51,89.74,133,131.0,98.49624060150376,3288,2953.0,89.81143552311435,Completed
2022-23,2022-01-05,Karnataka,Belagavi,Ministry of Jal Shakti,Swachh Bharat Mission - Gramin,Centrally Sponsored (60:40),State Nodal Agency,253.73,143.95,143.04,99.37,470,468.0,99.57446808510639,879,862.0,98.06598407281001,Completed
2022-23,2024-01-15,Bihar,Darbhanga,Ministry of Education,PM Poshan (Mid-Day Meal Scheme),Centrally Sponsored (60:40),Gram Panchayat,765.2,545.06,0.0,0.0,433,0.0,0.0,4841,0.0,0.0,Not Started
2024-25,2023-04-05,Kerala,Thrissur,Ministry of Health & Family Welfare,Ayushman Bharat - Pradhan Mantri Jan Arogya Yojana,Centrally Sponsored (60:40),District Panchayat / Zilla Parishad,93.77,59.51,50.76,85.3,482,481.0,99.79253112033194,890,849.0,95.39325842696628,Completed
2022-23,2024-12-14,West Bengal,asansol,Ministry of Rural Development,Mahatma Gandhi National Rural Employment Guarantee Scheme,Centrally Sponsored (60:40),NGO / Partner Organisation,451.73,309.0,173.03,56.0,267,57.0,21.34831460674157,102,1202.0,1178.4313725490197,Delayed
2022-23,2024-02-19,Karnataka,Hubballi,Ministry of Rural Development,Pradhan Mantri Gram Sadak Yojana,Centrally Sponsored (60:40),Urban Local Body (ULB),603.97,563.63,231.61,41.09,456,185.0,40.57017543859649,4657,1803.0,38.71591153102856,Ongoing
2021-22,2024-01-20,West Bengal,Durgapur,Ministry of Jal Shakti,Jal Jeevan Mission,Centrally Sponsored (90:10),State Nodal Agency,22.29,19.39,13.91,71.74,495,224.0,45.25252525252525,2057,892.0,43.364122508507535,Ongoing
2023-24,2022-10-01,Gujarat,Bhavnagar,Ministry of Health & Family Welfare,National Health Mission,Centrally Sponsored (60:40),Gram Panchayat,557.0,392.95,342.08,87.05,78,76.0,97.43589743589743,1768,1595.0,90.21493212669684,Completed
2023-24,2023-03-06,Bihar,Patna,Ministry of Agriculture & Farmers Welfare,Pradhan Mantri Fasal Bima Yojana,Central Sector,Gram Panchayat,205.42,186.0,168.73,90.72,330,138.0,41.81818181818181,2127,812.0,38.1758345086977,Ongoing
2022-23,2024-10-04,Gujarat,Ahmedabad,Ministry of Agriculture & Farmers Welfare,PM Kisan Samman Nidhi,Central Sector,State Nodal Agency,322.79,294.07,107.74,36.64,333,331.0,99.3993993993994,3207,3184.0,99.28281883380106,Delayed
2024-25,2023-06-07,Rajasthan,Jodhpur,Ministry of Education,PM Poshan (Mid-Day Meal Scheme),Centrally Sponsored (60:40),Gram Panchayat,498.61,260.55,219.92,84.41,465,356.0,76.55913978494624,4626,3624.0,78.33981841763944,Delayed
2024-25,2024-06-29,Karnataka,Mangaluru,Ministry of Rural Development,Pradhan Mantri Gram Sadak Yojana,Centrally Sponsored (60:40),Gram Panchayat,199.49,152.07,117.99,77.59,15,4.0,26.666666666666668,528,138.0,26.136363636363637,Ongoing
2023-24,2024-11-21,West Bengal,Durgapur,Ministry of Health & Family Welfare,Ayushman Bharat - Pradhan Mantri Jan Arogya Yojana,Centrally Sponsored (60:40),Gram Panchayat,121.29,78.12,67.76,86.74,430,185.0,43.02325581395349,3696,1556.0,42.099567099567096,Ongoing
2021-22,2023-09-17,Karnataka,Hubballi ,Ministry of Education,PM Poshan (Mid-Day Meal Scheme),Centrally Sponsored (60:40),Urban Local Body (ULB),635.66,565.34,558.05,98.71,475,475.0,100.0,3917,3691.0,94.23027827418943,Completed
2022-23,2024-02-14,Maharashtra,Pune,Ministry of Rural Development,Pradhan Mantri Gram Sadak Yojana,Centrally Sponsored (60:40),NGO / Partner Organisation,261.97,179.77,177.42,98.69,93,93.0,100.0,2399,2363.0,98.49937473947477,Completed
2022-23,2022-04-10,Gujarat, Bhavnagar,Ministry of Health & Family Welfare,Ayushman Bharat - Pradhan Mantri Jan Arogya Yojana,Centrally Sponsored (60:40),State Nodal Agency,144.08,95.9,56.55,58.97,203,86.0,42.364532019704434,1142,457.0,40.01751313485114,Ongoing
2023-24,2023-08-17,Maharashtra,Kolhapur,Ministry of Health & Family Welfare,Ayushman Bharat - Pradhan Mantri Jan Arogya Yojana,Centrally Sponsored (60:40),District Panchayat / Zilla Parishad,189.96,175.8,98.02,55.76,170,74.0,43.529411764705884,4064,1788.0,43.996062992125985,Delayed
2024-25,2021-12-30,Gujarat,Surat,Ministry of Rural Development,Mahatma Gandhi National Rural Employment Guarantee Scheme,Centrally Sponsored (60:40),State Nodal Agency,188.77,156.08,137.3,87.97,95,38.0,40.0,2548,959.0,37.637362637362635,Ongoing
2022-23,2022-06-29,Kerala,Kollam,Ministry of Education,Samagra Shiksha Abhiyan,Centrally Sponsored (60:40),District Panchayat / Zilla Parishad,625.06,425.45,218.62,51.39,448,260.0,58.03571428571429,2452,1425.0,58.11582381729201,Delayed
2024-25,2025-03-25,Maharashtra,Nagpur ,Ministry of Jal Shakti,Jal Jeevan Mission,Centrally Sponsored (90:10),Gram Panchayat,519.16,289.27,289.17,99.97,314,313.0,99.68152866242038,2305,2124.0,92.14750542299349,Completed
2021-22,2022-03-04,Bihar,Muzaffarpur,Ministry of Rural Development,Pradhan Mantri Awas Yojana - Gramin,Centrally Sponsored (60:40),District Panchayat / Zilla Parishad,231.99,169.84,91.49,53.87,328,241.0,73.47560975609755,954,634.0,66.45702306079664,Delayed
2021-22,2022-04-28,Kerala,Kollam,Ministry of Jal Shakti,Swachh Bharat Mission - Gramin,Centrally Sponsored (60:40),Gram Panchayat,759.18,541.74,338.29,62.45,96,61.0,63.541666666666664,1150,763.0,66.34782608695652,Ongoing
2024-25,2024-08-28,West Bengal,Howrah,Ministry of Agriculture & Farmers Welfare,PM Kisan Samman Nidhi,Central Sector,State Nodal Agency,743.22,573.01,174.44,81.965,236,234.0,99.15254237288136,3122,2796.0,89.55797565663036,Completed
2024-25,2024-02-12,Rajasthan,Ajmer,Ministry of Rural Development,Mahatma Gandhi National Rural Employment Guarantee Scheme,Centrally Sponsored (60:40),Gram Panchayat,686.33,513.91,468.22,91.11,471,471.0,100.0,2143,2091.0,97.57349510032665,Completed
2021-22,2024-10-04,Tamil Nadu,Coimbatore,Ministry of Rural Development,Pradhan Mantri Awas Yojana - Gramin,Centrally Sponsored (60:40),Urban Local Body (ULB),213.36,154.35,92.9,60.19,154,129.0,83.76623376623377,3326,2558.0,76.90920024052916,Ongoing
2022-23,2022-09-17,Uttar Pradesh,Varanasi,Ministry of Rural Development,Mahatma Gandhi National Rural Employment Guarantee Scheme,Centrally Sponsored (60:40),District Panchayat / Zilla Parishad,528.13,375.26,0.0,0.0,86,0.0,0.0,423,0.0,0.0,Not Started
2023-24,2024-08-17,Uttar Pradesh,Kanpur,Ministry of Health & Family Welfare,Ayushman Bharat - Pradhan Mantri Jan Arogya Yojana,Centrally Sponsored (60:40),Urban Local Body (ULB),523.37,449.88,174.95,38.89,60,1.0,1.6666666666666667,2619,44.0,1.6800305460099276,Delayed
2024-25,2024-07-16,Maharashtra,Nashik,Ministry of Education,PM Poshan (Mid-Day Meal Scheme),Centrally Sponsored (60:40),District Panchayat / Zilla Parishad,332.63,192.35,189.62,98.58,232,124.0,53.44827586206896,4924,2430.0,49.350121852152725,Delayed
2023-24,2023-02-28,Maharashtra,Kolhapur,Ministry of Jal Shakti,Jal Jeevan Mission,Centrally Sponsored (90:10),District Panchayat / Zilla Parishad,402.66,368.7,120.46,32.67,290,68.0,23.448275862068964,461,111.0,24.07809110629067,Delayed
2024-25,2022-01-02,Kerala,Thiruvananthapuram,Ministry of Health & Family Welfare,Ayushman Bharat - Pradhan Mantri Jan Arogya Yojana,Centrally Sponsored (60:40),State Nodal Agency,566.11,338.76,121.33,35.82,226,13.0,5.752212389380531,1568,83.0,5.293367346938775,Ongoing
2022-23,2021-11-03,Karnataka,Mangaluru,Ministry of Education,PM Poshan (Mid-Day Meal Scheme),Centrally Sponsored (60:40),State Nodal Agency,653.75,565.62,517.63,91.52,333,332.0,99.69969969969969,3496,3500.0,100.11441647597255,Completed
2024-25,2021-08-27,Rajasthan,Jodhpur ,Ministry of Rural Development,Pradhan Mantri Gram Sadak Yojana,Centrally Sponsored (60:40),NGO / Partner Organisation,661.61,609.72,522.88,85.76,256,129.0,50.390625,1067,159.0,14.901593252108716,Ongoing
2023-24,2024-09-07,Tamil Nadu,salem,Ministry of Jal Shakti,Swachh Bharat Mission - Gramin,Centrally Sponsored (60:40),NGO / Partner Organisation,620.35,424.89,0.0,0.0,179,0.0,0.0,1801,0.0,0.0,Not Started
2023-24,2023-03-16,Rajasthan,udaipur,Ministry of Education,Samagra Shiksha Abhiyan,Centrally Sponsored (60:40),Gram Panchayat,573.43,418.41,202.9,48.49,250,227.0,90.8,3210,2946.0,91.77570093457945,Delayed
2022-23,2023-05-05,Uttar Pradesh,Varanasi,Ministry of Jal Shakti,Jal Jeevan Mission,Centrally Sponsored (90:10),State Nodal Agency,575.92,433.76,431.5,99.48,165,165.0,100.0,4560,4320.0,94.73684210526315,Completed
2024-25,2022-11-12,Kerala,Thrissur,Ministry of Education,PM Poshan (Mid-Day Meal Scheme),Centrally Sponsored (60:40),Gram Panchayat,729.77,417.62,363.6,87.06,154,143.0,92.85714285714286,3909,3311.0,84.70196981325148,Delayed
2024-25,2021-10-13,Madhya Pradesh,Bhopal,Ministry of Jal Shakti,Swachh Bharat Mission - Gramin,Centrally Sponsored (60:40),Gram Panchayat,277.66,196.29,174.66,88.98,84,83.0,98.80952380952381,3020,2822.0,93.44370860927152,Completed
2022-23,2023-12-04,Rajasthan,Jaipur,Ministry of Health & Family Welfare,Ayushman Bharat - Pradhan Mantri Jan Arogya Yojana,Centrally Sponsored (60:40),State Nodal Agency,788.46,766.71,555.03,72.39,412,228.0,55.33980582524271,2496,1420.0,56.891025641025635,Ongoing
2024-25,2022-03-27,Rajasthan,Jodhpur,Ministry of Rural Development,Pradhan Mantri Awas Yojana - Gramin,Centrally Sponsored (60:40),State Nodal Agency,135.25,133.36,109.61,82.19,210,6.0,2.857142857142857,3763,102.0,2.710603242094074,Ongoing
2021-22,2022-01-14,Bihar,Darbhanga,Ministry of Agriculture & Farmers Welfare,PM Kisan Samman Nidhi,Central Sector,Urban Local Body (ULB),642.5,496.1,294.13,59.29,366,42.0,11.475409836065573,2962,349.0,11.782579338284943,Ongoing
2023-24,2022-01-22,Maharashtra,Aurangabad,Ministry of Jal Shakti,Jal Jeevan Mission,Centrally Sponsored (90:10),NGO / Partner Organisation,555.76,486.45,464.21,95.43,104,104.0,100.0,1118,1122.0,100.3577817531306,Completed
2022-23,2021-08-17,Gujarat,Rajkot,Ministry of Education,Samagra Shiksha Abhiyan,Centrally Sponsored (60:40),NGO / Partner Organisation,704.17,574.43,0.0,0.0,474,0.0,0.0,4120,0.0,0.0,Not Started
2021-22,2022-10-19,Bihar,Muzaffarpur,Ministry of Rural Development,Mahatma Gandhi National Rural Employment Guarantee Scheme,Centrally Sponsored (60:40),Gram Panchayat,53.01,47.98,44.23,92.18,49,48.0,97.95918367346938,3684,3557.0,96.55266015200868,Completed
2022-23,2023-12-10,West Bengal, Howrah,Ministry of Education,PM Poshan (Mid-Day Meal Scheme),Centrally Sponsored (60:40),Gram Panchayat,153.5,114.92,92.16,80.19,268,116.0,43.28358208955223,4997,1202.0,24.054432659595758,Delayed
2024-25,2022-03-23,Madhya Pradesh,Indore,Ministry of Jal Shakti,Jal Jeevan Mission,Centrally Sponsored (90:10),Gram Panchayat,202.55,179.25,136.29,76.03,251,116.0,46.21513944223107,3794,1709.0,45.04480759093305,Ongoing
2021-22,2022-02-05,Maharashtra,pune,Ministry of Jal Shakti,Jal Jeevan Mission,Centrally Sponsored (90:10),District Panchayat / Zilla Parishad,445.55,325.56,292.57,89.87,25,13.0,52.0,2874,1373.0,47.773138482950586,Ongoing
2021-22,2023-12-16,Rajasthan,Jaipur,Ministry of Jal Shakti,Swachh Bharat Mission - Gramin,Centrally Sponsored (60:40),Urban Local Body (ULB),87.56,52.76,0.0,0.0,184,0.0,0.0,3613,0.0,0.0,Not Started
2021-22,2024-06-10,Madhya Pradesh,Jabalpur,Ministry of Agriculture & Farmers Welfare,Pradhan Mantri Fasal Bima Yojana,Central Sector,Gram Panchayat,370.23,327.58,257.99,78.76,307,67.0,21.824104234527688,3775,792.0,20.980132450331126,Ongoing
2023-24,2023-03-31,Madhya Pradesh, Bhopal,Ministry of Education,Samagra Shiksha Abhiyan,Centrally Sponsored (60:40),Gram Panchayat,448.94,345.06,295.46,85.63,437,435.0,99.54233409610984,2008,2020.0,100.59760956175299,Completed
2022-23,2022-11-16,Bihar,Darbhanga,Ministry of Health & Family Welfare,Ayushman Bharat - Pradhan Mantri Jan Arogya Yojana,Centrally Sponsored (60:40),Urban Local Body (ULB),795.72,519.65,363.0,69.85,6,3.0,50.0,4918,2303.0,46.827978853192356,Ongoing
2023-24,2022-12-14,Uttar Pradesh,Agra,Ministry of Rural Development,Pradhan Mantri Gram Sadak Yojana,Centrally Sponsored (60:40),State Nodal Agency,322.24,225.07,208.38,92.58,140,77.0,55.00000000000001,2046,1015.0,49.608993157380255,Ongoing
2021-22,2021-11-18,Madhya Pradesh,Indore,Ministry of Health & Family Welfare,Ayushman Bharat - Pradhan Mantri Jan Arogya Yojana,Centrally Sponsored (60:40),Gram Panchayat,771.05,490.93,418.69,85.29,109,107.0,98.1651376146789,1575,1496.0,94.98412698412699,Completed
2021-22,2025-03-25,Maharashtra,nagpur,Ministry of Education,PM Poshan (Mid-Day Meal Scheme),Centrally Sponsored (60:40),District Panchayat / Zilla Parishad,503.88,467.57,429.45,91.85,396,394.0,99.4949494949495,1218,1226.0,100.6568144499179,Completed
2022-23,2024-09-01,West Bengal,Siliguri,Ministry of Health & Family Welfare,Ayushman Bharat - Pradhan Mantri Jan Arogya Yojana,Centrally Sponsored (60:40),Gram Panchayat,680.21,470.5,317.8,67.55,172,69.0,40.116279069767444,4944,2032.0,41.10032362459547,Ongoing
2023-24,2025-03-17,Uttar Pradesh, Lucknow,Ministry of Agriculture & Farmers Welfare,PM Kisan Samman Nidhi,Central Sector,Gram Panchayat,283.21,201.38,0.0,0.0,160,0.0,0.0,3948,1202.0,30.445795339412363,Not Started
2024-25,2024-12-01,Maharashtra,Nagpur,Ministry of Rural Development,Mahatma Gandhi National Rural Employment Guarantee Scheme,Centrally Sponsored (60:40),Gram Panchayat,76.93,45.96,40.25,87.58,410,408.0,99.51219512195122,1327,1201.0,90.50489826676714,Completed
2024-25,2024-09-28,Kerala,Kollam,Ministry of Agriculture & Farmers Welfare,PM Kisan Samman Nidhi,Central Sector,Urban Local Body (ULB),442.57,390.35,0.0,0.0,456,0.0,0.0,2062,0.0,0.0,Not Started
2022-23,2021-11-06,West Bengal,Siliguri,Ministry of Jal Shakti,Jal Jeevan Mission,Centrally Sponsored (90:10),District Panchayat / Zilla Parishad,101.12,67.24,0.0,0.0,218,0.0,0.0,1790,0.0,0.0,Not Started
2021-22,2023-01-08,Gujarat,Ahmedabad,Ministry of Rural Development,Pradhan Mantri Gram Sadak Yojana,Centrally Sponsored (60:40),State Nodal Agency,125.99,93.19,37.17,39.89,229,28.0,12.22707423580786,846,104.0,12.293144208037825,Ongoing
2024-25,2024-07-05,Tamil Nadu,Chennai,Ministry of Agriculture & Farmers Welfare,PM Kisan Samman Nidhi,Central Sector,NGO / Partner Organisation,87.34,64.23,0.0,0.0,450,0.0,0.0,4523,0.0,0.0,Not Started
2023-24,2021-11-25,Maharashtra,Pune,Ministry of Education,Samagra Shiksha Abhiyan,Centrally Sponsored (60:40),District Panchayat / Zilla Parishad,248.67,177.28,153.96,86.85,54,52.0,96.29629629629629,2137,2060.0,96.39681796911557,Completed
2023-24,2023-11-25,Rajasthan,Jaipur,Ministry of Rural Development,Mahatma Gandhi National Rural Employment Guarantee Scheme,Centrally Sponsored (60:40),State Nodal Agency,541.36,414.92,334.22,80.55,103,8.0,7.766990291262135,3207,236.0,7.358902400997818,Ongoing
2022-23,2024-02-29,Rajasthan, Jodhpur,Ministry of Rural Development,Mahatma Gandhi National Rural Employment Guarantee Scheme,Centrally Sponsored (60:40),Gram Panchayat,592.82,465.5,407.04,87.44,142,140.0,98.59154929577466,2868,2706.0,94.35146443514645,Completed
2021-22,2021-04-19,Maharashtra,Kolhapur ,Ministry of Education,PM Poshan (Mid-Day Meal Scheme),Centrally Sponsored (60:40),District Panchayat / Zilla Parishad,480.0,457.32,444.87,97.28,229,227.0,99.12663755458514,705,669.0,94.8936170212766,Completed
2024-25,2022-05-14,Karnataka,Hubballi,Ministry of Rural Development,Pradhan Mantri Awas Yojana - Gramin,Centrally Sponsored (60:40),District Panchayat / Zilla Parishad,760.12,655.87,428.95,65.4,31,6.0,19.35483870967742,1755,316.0,18.005698005698008,Ongoing
2023-24,2024-10-28,Kerala,Kochi,Ministry of Education,Samagra Shiksha Abhiyan,Centrally Sponsored (60:40),District Panchayat / Zilla Parishad,390.04,381.28,337.22,88.44,236,236.0,100.0,1412,1395.0,98.79603399433428,Completed
2023-24,2022-03-23,Gujarat, Surat,Ministry of Rural Development,Pradhan Mantri Awas Yojana - Gramin,Centrally Sponsored (60:40),Gram Panchayat,105.8,62.16,55.96,90.03,82,2.0,2.4390243902439024,3117,75.0,2.4061597690086622,Ongoing
2023-24,2024-11-06,Bihar,Patna,Ministry of Health & Family Welfare,National Health Mission,Centrally Sponsored (60:40),Gram Panchayat,618.67,573.16,507.91,88.62,352,350.0,99.43181818181817,1661,1622.0,97.65201685731488,Completed
2023-24,2023-02-06,Gujarat, Rajkot,Ministry of Health & Family Welfare,Ayushman Bharat - Pradhan Mantri Jan Arogya Yojana,Centrally Sponsored (60:40),Gram Panchayat,652.88,472.82,0.0,0.0,122,0.0,0.0,2025,0.0,0.0,Not Started
2023-24,2024-04-17,Bihar,Gaya,Ministry of Rural Development,Pradhan Mantri Awas Yojana - Gramin,Centrally Sponsored (60:40),State Nodal Agency,278.38,192.3,184.82,96.11,276,129.0,46.73913043478261,4499,4218.0,93.7541675927984,Completed
2022-23,2022-04-24,Tamil Nadu,salem,Ministry of Jal Shakti,Swachh Bharat Mission - Gramin,Centrally Sponsored (60:40),Gram Panchayat,584.59,392.77,174.44,81.965,190,188.0,98.94736842105263,3887,3866.0,99.45973758682788,Completed
2023-24,2022-12-20,Gujarat,ahmedabad,Ministry of Agriculture & Farmers Welfare,Pradhan Mantri Fasal Bima Yojana,Central Sector,State Nodal Agency,453.55,341.19,190.33,55.78,389,82.0,21.079691516709513,2501,497.0,19.87205117952819,Delayed
2022-23,2025-01-16,Gujarat,Surat,Ministry of Education,PM Poshan (Mid-Day Meal Scheme),Centrally Sponsored (60:40),Gram Panchayat,480.72,348.6,324.35,93.04,363,363.0,100.0,604,620.0,102.64900662251655,Completed
2023-24,2025-02-16,Bihar, Darbhanga,Ministry of Agriculture & Farmers Welfare,Pradhan Mantri Fasal Bima Yojana,Central Sector,Gram Panchayat,106.71,84.85,74.6,87.92,456,456.0,100.0,1023,1011.0,98.82697947214076,Completed
2021-22,2022-05-24,Gujarat,Rajkot ,Ministry of Jal Shakti,Jal Jeevan Mission,Centrally Sponsored (90:10),NGO / Partner Organisation,138.12,82.64,40.38,48.86,331,1.0,0.3021148036253776,3006,8.0,0.2661343978709248,Ongoing
2022-23,2022-02-11,Gujarat,Vadodara,Ministry of Education,Samagra Shiksha Abhiyan,Centrally Sponsored (60:40),State Nodal Agency,728.16,408.75,233.8,57.2,479,285.0,59.49895615866389,977,535.0,54.75946775844422,Ongoing
2022-23,2024-09-17,Maharashtra,Pune,Ministry of Health & Family Welfare,National Health Mission,Centrally Sponsored (60:40),NGO / Partner Organisation,394.54,225.83,192.95,85.44,462,313.0,67.74891774891775,877,1202.0,137.0581527936146,Delayed
2023-24,2024-01-17,Rajasthan,Ajmer,Ministry of Rural Development,Mahatma Gandhi National Rural Employment Guarantee Scheme,Centrally Sponsored (60:40),Urban Local Body (ULB),574.41,508.11,355.98,70.06,460,351.0,76.30434782608695,1308,960.0,73.39449541284404,Ongoing
2022-23,2022-09-07,Tamil Nadu, Coimbatore,Ministry of Jal Shakti,Swachh Bharat Mission - Gramin,Centrally Sponsored (60:40),Gram Panchayat,738.09,719.48,654.6,90.98,376,376.0,100.0,3328,3344.0,100.48076923076923,Completed
2023-24,2025-03-11,Bihar,Gaya,Ministry of Jal Shakti,Jal Jeevan Mission,Centrally Sponsored (90:10),Gram Panchayat,393.49,351.01,264.16,75.26,406,154.0,37.93103448275862,4956,1725.0,34.80629539951574,Ongoing
2024-25,2022-03-06,Maharashtra,Pune,Ministry of Rural Development,Pradhan Mantri Gram Sadak Yojana,Centrally Sponsored (60:40),Gram Panchayat,588.5,381.93,184.15,48.22,111,103.0,92.7927927927928,4104,3848.0,93.76218323586744,Delayed
2023-24,2024-05-14,Rajasthan,Kota,Ministry of Jal Shakti,Jal Jeevan Mission,Centrally Sponsored (90:10),State Nodal Agency,665.32,515.28,467.3,90.69,275,274.0,99.63636363636364,951,1202.0,126.39327024185067,Completed
2023-24,2022-07-22,Tamil Nadu,Tiruchirappalli ,Ministry of Rural Development,Pradhan Mantri Awas Yojana - Gramin,Centrally Sponsored (60:40),State Nodal Agency,733.53,373.95,347.26,92.86,295,295.0,100.0,3560,3296.0,92.58426966292134,Completed
2023-24,2021-08-17,Tamil Nadu,Salem,Ministry of Agriculture & Farmers Welfare,PM Kisan Samman Nidhi,Central Sector,District Panchayat / Zilla Parishad,536.32,528.92,174.44,81.965,307,0.0,0.0,3368,0.0,0.0,Not Started
2023-24,2024-12-30,Tamil Nadu,Tiruchirappalli,Ministry of Education,PM Poshan (Mid-Day Meal Scheme),Centrally Sponsored (60:40),District Panchayat / Zilla Parishad,186.61,124.36,108.85,87.53,463,4.0,0.8639308855291578,2647,23.0,0.8689081979599547,Ongoing
2022-23,2022-04-20,Karnataka,Belagavi,Ministry of Jal Shakti,Swachh Bharat Mission - Gramin,Centrally Sponsored (60:40),State Nodal Agency,309.79,206.64,190.59,92.23,384,383.0,99.73958333333334,2188,2061.0,94.19561243144425,Completed
2024-25,2022-08-28,Madhya Pradesh, Jabalpur,Ministry of Jal Shakti,Jal Jeevan Mission,Centrally Sponsored (90:10),Gram Panchayat,143.36,110.66,89.99,81.32,378,164.0,43.386243386243386,2347,1015.0,43.24669791222838,Delayed
2023-24,2021-09-07,Gujarat,ahmedabad,Ministry of Jal Shakti,Jal Jeevan Mission,Centrally Sponsored (90:10),Urban Local Body (ULB),605.44,379.49,125.76,33.14,113,25.0,22.123893805309734,814,188.0,23.095823095823096,Delayed
2024-25,2024-02-22,Maharashtra, Kolhapur,Ministry of Agriculture & Farmers Welfare,Pradhan Mantri Fasal Bima Yojana,Central Sector,Gram Panchayat,194.59,152.9,83.5,54.61,59,24.0,40.67796610169492,1407,551.0,39.16133617626155,Delayed
2023-24,2022-07-02,Uttar Pradesh, Lucknow,Ministry of Agriculture & Farmers Welfare,PM Kisan Samman Nidhi,Central Sector,Gram Panchayat,210.35,188.3,105.22,55.88,238,83.0,34.87394957983193,2262,799.0,35.32272325375774,Delayed
2022-23,2024-11-11,Madhya Pradesh,jabalpur,Ministry of Rural Development,Pradhan Mantri Awas Yojana - Gramin,Centrally Sponsored (60:40),Urban Local Body (ULB),680.56,603.19,174.44,81.965,266,266.0,100.0,372,383.0,102.95698924731182,Completed
2022-23,2024-08-18,Gujarat,Bhavnagar,Ministry of Jal Shakti,Jal Jeevan Mission,Centrally Sponsored (90:10),State Nodal Agency,62.6,35.79,34.91,97.54,471,46.0,9.766454352441615,2206,217.0,9.83680870353581,Delayed
2022-23,2024-04-27,Tamil Nadu,Chennai,Ministry of Rural Development,Mahatma Gandhi National Rural Employment Guarantee Scheme,Centrally Sponsored (60:40),State Nodal Agency,389.61,335.79,307.46,91.56,82,80.0,97.5609756097561,4965,4914.0,98.97280966767372,Completed
2022-23,2024-06-04,Gujarat,rajkot,Ministry of Rural Development,Pradhan Mantri Awas Yojana - Gramin,Centrally Sponsored (60:40),Urban Local Body (ULB),415.97,245.0,106.6,43.51,326,276.0,84.66257668711657,3532,2790.0,78.99207248018119,Ongoing
2023-24,2021-11-09,Maharashtra, Pune,Ministry of Health & Family Welfare,National Health Mission,Centrally Sponsored (60:40),District Panchayat / Zilla Parishad,543.26,516.58,379.8,73.52,34,4.0,11.76470588235294,2660,314.0,11.804511278195488,Delayed
2023-24,2023-09-16,Maharashtra,Nagpur,Ministry of Agriculture & Farmers Welfare,Pradhan Mantri Fasal Bima Yojana,Central Sector,District Panchayat / Zilla Parishad,404.77,348.82,333.63,95.65,471,470.0,99.78768577494692,4164,4174.0,100.24015369836697,Completed
2023-24,2023-07-11,Bihar,Patna,Ministry of Education,PM Poshan (Mid-Day Meal Scheme),Centrally Sponsored (60:40),Urban Local Body (ULB),668.92,344.98,310.01,89.86,231,229.0,99.13419913419914,3811,3554.0,93.25636315927578,Completed
2024-25,2021-12-12,Karnataka,Mysuru,Ministry of Health & Family Welfare,Ayushman Bharat - Pradhan Mantri Jan Arogya Yojana,Centrally Sponsored (60:40),NGO / Partner Organisation,737.25,412.14,150.73,36.57,433,137.0,31.639722863741337,310,1202.0,387.741935483871,Delayed
2022-23,2023-11-14,Kerala,Kollam,Ministry of Health & Family Welfare,Ayushman Bharat - Pradhan Mantri Jan Arogya Yojana,Centrally Sponsored (60:40),Urban Local Body (ULB),778.17,486.16,485.33,99.83,334,334.0,100.0,920,888.0,96.52173913043478,Completed
2024-25,2023-01-19,Madhya Pradesh,Bhopal,Ministry of Education,PM Poshan (Mid-Day Meal Scheme),Centrally Sponsored (60:40),District Panchayat / Zilla Parishad,206.76,112.8,174.44,81.965,80,52.0,65.0,365,231.0,63.287671232876704,Ongoing
2021-22,2022-10-03,Bihar,Muzaffarpur,Ministry of Jal Shakti,Swachh Bharat Mission - Gramin,Centrally Sponsored (60:40),State Nodal Agency,379.92,375.87,298.19,79.33,321,315.0,98.13084112149532,3339,3028.0,90.6858340820605,Ongoing
2023-24,2023-04-18,Kerala,Thrissur,Ministry of Jal Shakti,Jal Jeevan Mission,Centrally Sponsored (90:10),District Panchayat / Zilla Parishad,651.22,344.63,148.59,43.12,393,148.0,37.659033078880405,4951,1704.0,34.417289436477475,Ongoing
2023-24,2021-05-26,Karnataka,Belagavi,Ministry of Agriculture & Farmers Welfare,PM Kisan Samman Nidhi,Central Sector,State Nodal Agency,705.95,409.19,371.12,90.7,37,37.0,100.0,4748,4319.0,90.96461668070766,Completed
2021-22,2024-05-03,Kerala,Thiruvananthapuram,Ministry of Jal Shakti,Swachh Bharat Mission - Gramin,Centrally Sponsored (60:40),District Panchayat / Zilla Parishad,210.6,183.5,169.07,92.14,130,69.0,53.07692307692308,2864,1413.0,49.33659217877095,Ongoing
2024-25,2022-05-24,Gujarat,Vadodara,Ministry of Education,PM Poshan (Mid-Day Meal Scheme),Centrally Sponsored (60:40),Gram Panchayat,227.07,148.96,63.95,42.93,460,393.0,85.43478260869564,4283,3316.0,77.4223674994163,Delayed
2022-23,2021-12-24,West Bengal,Asansol ,Ministry of Health & Family Welfare,Ayushman Bharat - Pradhan Mantri Jan Arogya Yojana,Centrally Sponsored (60:40),District Panchayat / Zilla Parishad,554.23,503.49,475.51,94.44,410,408.0,99.51219512195122,484,455.0,94.00826446280992,Completed
2024-25,2024-03-26,Maharashtra,Nashik,Ministry of Health & Family Welfare,National Health Mission,Centrally Sponsored (60:40),Gram Panchayat,474.15,261.91,174.44,81.965,134,72.0,53.73134328358209,3307,1751.0,52.94829150287269,Delayed
2024-25,2024-12-14,Madhya Pradesh,Ujjain ,Ministry of Education,Samagra Shiksha Abhiyan,Centrally Sponsored (60:40),State Nodal Agency,677.65,653.32,201.53,30.85,367,215.0,58.58310626702997,3415,1970.0,57.68667642752562,Ongoing
2021-22,2024-10-08,Bihar, Gaya,Ministry of Rural Development,Mahatma Gandhi National Rural Employment Guarantee Scheme,Centrally Sponsored (60:40),Gram Panchayat,122.55,97.24,92.87,95.51,334,303.0,90.71856287425149,3478,3070.0,88.2691201840138,Ongoing
2023-24,2021-06-14,Bihar,muzaffarpur,Ministry of Health & Family Welfare,National Health Mission,Centrally Sponsored (60:40),Gram Panchayat,93.72,84.76,46.63,55.01,425,100.0,23.52941176470588,4337,940.0,21.673968180770117,Delayed
2023-24,2024-02-13,Maharashtra,Nagpur,Ministry of Agriculture & Farmers Welfare,PM Kisan Samman Nidhi,Central Sector,State Nodal Agency,382.36,215.26,206.82,96.08,229,228.0,99.56331877729258,3203,2913.0,90.94598813612238,Completed
2023-24,2021-12-30,Tamil Nadu,Madurai ,Ministry of Rural Development,Pradhan Mantri Gram Sadak Yojana,Centrally Sponsored (60:40),District Panchayat / Zilla Parishad,570.62,415.41,174.44,81.965,439,286.0,65.14806378132118,2217,1508.0,68.01984663960306,Ongoing
2024-25,2022-09-19,West Bengal,Siliguri,Ministry of Rural Development,Mahatma Gandhi National Rural Employment Guarantee Scheme,Centrally Sponsored (60:40),Gram Panchayat,368.77,268.11,155.25,57.91,162,83.0,51.23456790123457,628,315.0,50.15923566878981,Delayed
2023-24,2022-02-22,Rajasthan,Ajmer ,Ministry of Health & Family Welfare,National Health Mission,Centrally Sponsored (60:40),Urban Local Body (ULB),324.14,312.59,309.29,98.94,373,373.0,100.0,4581,4587.0,100.13097576948265,Completed
2024-25,2021-04-22,Madhya Pradesh,Indore,Ministry of Education,Samagra Shiksha Abhiyan,Centrally Sponsored (60:40),District Panchayat / Zilla Parishad,444.45,239.8,158.75,66.2,393,134.0,34.096692111959285,3387,1092.0,32.24092116917626,Delayed
2023-24,2022-05-22,Bihar,Bhagalpur,Ministry of Education,PM Poshan (Mid-Day Meal Scheme),Centrally Sponsored (60:40),District Panchayat / Zilla Parishad,85.77,78.54,69.93,89.04,457,455.0,99.56236323851203,3673,3681.0,100.21780560849443,Completed
2023-24,2023-05-08,Gujarat,Surat,Ministry of Rural Development,Pradhan Mantri Awas Yojana - Gramin,Centrally Sponsored (60:40),Gram Panchayat,515.58,287.69,272.44,94.7,202,201.0,99.5049504950495,2507,2246.0,89.58915037893898,Completed
2024-25,2023-08-11,Gujarat,vadodara,Ministry of Jal Shakti,Jal Jeevan Mission,Centrally Sponsored (90:10),Gram Panchayat,64.22,46.32,24.51,52.91,299,97.0,32.441471571906355,4885,1512.0,30.95189355168884,Delayed
2021-22,2021-10-19,Kerala,Thrissur,Ministry of Rural Development,Pradhan Mantri Awas Yojana - Gramin,Centrally Sponsored (60:40),Gram Panchayat,746.58,488.41,477.33,97.73,349,348.0,99.7134670487106,3241,3134.0,96.69854983029929,Completed
2024-25,2023-12-09,Rajasthan,Ajmer,Ministry of Jal Shakti,Jal Jeevan Mission,Centrally Sponsored (90:10),NGO / Partner Organisation,521.85,315.03,274.79,87.23,318,317.0,99.68553459119497,4070,3695.0,90.7862407862408,Completed
2022-23,2022-06-25,Gujarat,Ahmedabad,Ministry of Agriculture & Farmers Welfare,PM Kisan Samman Nidhi,Central Sector,Gram Panchayat,90.74,45.94,44.38,96.6,431,430.0,99.76798143851508,3446,3414.0,99.07138711549622,Completed
2022-23,2022-05-12,West Bengal, Asansol,Ministry of Rural Development,Mahatma Gandhi National Rural Employment Guarantee Scheme,Centrally Sponsored (60:40),State Nodal Agency,203.88,185.67,0.0,0.0,495,0.0,0.0,4189,0.0,0.0,Not Started
2021-22,2021-10-13,Maharashtra, Pune,Ministry of Agriculture & Farmers Welfare,Pradhan Mantri Fasal Bima Yojana,Central Sector,Gram Panchayat,714.37,429.88,384.17,89.37,462,460.0,99.56709956709958,3316,2988.0,90.10856453558505,Completed
2024-25,2023-01-04,Gujarat,Rajkot,Ministry of Rural Development,Pradhan Mantri Awas Yojana - Gramin,Centrally Sponsored (60:40),Gram Panchayat,174.97,152.55,140.34,92.0,8,7.0,87.5,4248,3466.0,81.59133709981168,Completed
2022-23,2021-06-30,Gujarat,Surat,Ministry of Education,PM Poshan (Mid-Day Meal Scheme),Centrally Sponsored (60:40),District Panchayat / Zilla Parishad,172.7,127.51,47.5,37.25,245,215.0,87.75510204081633,846,703.0,83.096926713948,Delayed
2024-25,2021-09-01,Kerala,Thiruvananthapuram,Ministry of Jal Shakti,Jal Jeevan Mission,Centrally Sponsored (90:10),District Panchayat / Zilla Parishad,38.51,33.63,15.82,47.04,185,130.0,70.27027027027027,3090,2230.0,72.168284789644,Delayed
2022-23,2024-03-17,Madhya Pradesh,Indore,Ministry of Rural Development,Pradhan Mantri Gram Sadak Yojana,Centrally Sponsored (60:40),District Panchayat / Zilla Parishad,295.48,196.85,179.06,90.96,271,269.0,99.2619926199262,2094,1930.0,92.16809933142312,Completed
2022-23,2022-08-25,Uttar Pradesh, Lucknow,Ministry of Rural Development,Pradhan Mantri Awas Yojana - Gramin,Centrally Sponsored (60:40),Urban Local Body (ULB),376.75,296.3,253.06,85.41,330,328.0,99.39393939393939,823,825.0,100.24301336573511,Completed
2024-25,2025-03-08,Rajasthan,Ajmer,Ministry of Education,Samagra Shiksha Abhiyan,Centrally Sponsored (60:40),NGO / Partner Organisation,256.61,133.29,0.0,0.0,489,0.0,0.0,541,0.0,0.0,Not Started
2022-23,2023-11-15,Uttar Pradesh,Agra,Ministry of Rural Development,Mahatma Gandhi National Rural Employment Guarantee Scheme,Centrally Sponsored (60:40),District Panchayat / Zilla Parishad,281.07,154.73,106.75,68.99,380,368.0,96.84210526315789,3992,3823.0,95.76653306613227,Delayed
2022-23,2024-03-08,Karnataka,Hubballi,Ministry of Rural Development,Pradhan Mantri Awas Yojana - Gramin,Centrally Sponsored (60:40),Gram Panchayat,47.09,44.53,28.63,64.29,349,199.0,57.02005730659025,2846,1482.0,52.073085031623336,Ongoing
2022-23,2024-08-06,Kerala,Kollam,Ministry of Health & Family Welfare,National Health Mission,Centrally Sponsored (60:40),District Panchayat / Zilla Parishad,271.12,254.93,0.0,0.0,18,0.0,0.0,2226,0.0,0.0,Not Started
2022-23,2022-06-08,Uttar Pradesh,varanasi,Ministry of Rural Development,Pradhan Mantri Awas Yojana - Gramin,Centrally Sponsored (60:40),State Nodal Agency,196.46,103.99,0.0,0.0,495,0.0,0.0,4197,0.0,0.0,Not Started
2023-24,2023-06-18,West Bengal,siliguri,Ministry of Health & Family Welfare,Ayushman Bharat - Pradhan Mantri Jan Arogya Yojana,Centrally Sponsored (60:40),Gram Panchayat,608.11,388.13,250.4,64.51,179,158.0,88.26815642458101,4884,4047.0,82.86240786240786,Ongoing
2021-22,2024-10-23,Tamil Nadu,Salem,Ministry of Rural Development,Pradhan Mantri Gram Sadak Yojana,Centrally Sponsored (60:40),Urban Local Body (ULB),648.96,632.89,538.64,85.11,26,26.0,100.0,3977,3996.0,100.47774704551169,Completed
2024-25,2024-03-21,Karnataka,Hubballi,Ministry of Health & Family Welfare,National Health Mission,Centrally Sponsored (60:40),State Nodal Agency,666.74,579.2,569.19,98.27,319,318.0,99.68652037617555,1220,1173.0,96.14754098360656,Completed
2022-23,2022-12-10,Uttar Pradesh,Varanasi,Ministry of Rural Development,Mahatma Gandhi National Rural Employment Guarantee Scheme,Centrally Sponsored (60:40),Gram Panchayat,162.64,137.4,126.98,92.42,199,113.0,56.78391959798995,1286,663.0,51.555209953343706,Ongoing
2023-24,2024-11-19,Karnataka,Belagavi,Ministry of Jal Shakti,Jal Jeevan Mission,Centrally Sponsored (90:10),State Nodal Agency,343.91,301.76,270.71,89.71,84,82.0,97.61904761904762,2443,2184.0,89.39828080229226,Completed
2022-23,2023-05-28,Bihar,darbhanga,Ministry of Rural Development,Pradhan Mantri Gram Sadak Yojana,Centrally Sponsored (60:40),Gram Panchayat,515.71,312.46,283.72,90.8,349,135.0,38.68194842406877,417,164.0,39.328537170263786,Ongoing
2023-24,2024-02-11,Rajasthan,Kota,Ministry of Rural Development,Pradhan Mantri Awas Yojana - Gramin,Centrally Sponsored (60:40),Urban Local Body (ULB),562.24,506.91,453.99,89.56,93,88.0,94.6236559139785,600,560.0,93.33333333333333,Ongoing
2023-24,2024-03-21,Madhya Pradesh, Ujjain,Ministry of Jal Shakti,Swachh Bharat Mission - Gramin,Centrally Sponsored (60:40),Urban Local Body (ULB),748.08,430.58,421.25,97.83,242,241.0,99.58677685950413,3618,3270.0,90.38142620232172,Completed
2022-23,2024-01-27,Madhya Pradesh,Indore,Ministry of Rural Development,Pradhan Mantri Awas Yojana - Gramin,Centrally Sponsored (60:40),Urban Local Body (ULB),370.93,281.72,122.82,43.6,237,2.0,0.8438818565400843,4344,38.0,0.8747697974217311,Delayed
2022-23,2023-01-25,Madhya Pradesh,Gwalior,Ministry of Agriculture & Farmers Welfare,Pradhan Mantri Fasal Bima Yojana,Central Sector,State Nodal Agency,458.08,247.43,174.44,81.965,345,343.0,99.42028985507247,425,405.0,95.29411764705881,Completed
2023-24,2022-04-08,Madhya Pradesh,Gwalior,Ministry of Education,PM Poshan (Mid-Day Meal Scheme),Centrally Sponsored (60:40),Urban Local Body (ULB),703.23,475.25,164.51,34.62,299,7.0,2.341137123745819,2646,56.0,2.1164021164021163,Ongoing
2022-23,2021-05-16,Kerala,Thiruvananthapuram ,Ministry of Rural Development,Pradhan Mantri Awas Yojana - Gramin,Centrally Sponsored (60:40),District Panchayat / Zilla Parishad,397.96,293.44,285.49,97.29,342,342.0,100.0,4984,4865.0,97.6123595505618,Completed
2022-23,2024-09-23,Karnataka,Hubballi,Ministry of Jal Shakti,Swachh Bharat Mission - Gramin,Centrally Sponsored (60:40),State Nodal Agency,750.91,582.15,505.08,86.76,252,251.0,99.60317460317461,484,436.0,90.08264462809917,Completed
2022-23,2021-08-21,Kerala,Thiruvananthapuram,Ministry of Rural Development,Pradhan Mantri Gram Sadak Yojana,Centrally Sponsored (60:40),State Nodal Agency,340.26,250.25,212.78,85.03,393,393.0,100.0,1402,1418.0,101.14122681883025,Completed
2023-24,2023-11-14,West Bengal,Durgapur,Ministry of Jal Shakti,Jal Jeevan Mission,Centrally Sponsored (90:10),District Panchayat / Zilla Parishad,203.88,183.18,169.72,92.65,197,184.0,93.4010152284264,3957,3670.0,92.74703057872125,Delayed
2021-22,2025-01-05,Maharashtra,Nashik ,Ministry of Health & Family Welfare,Ayushman Bharat - Pradhan Mantri Jan Arogya Yojana,Centrally Sponsored (60:40),District Panchayat / Zilla Parishad,137.21,78.48,61.76,78.7,87,2.0,2.2988505747126435,1979,46.0,2.3244062657908033,Ongoing
2023-24,2022-12-27,Gujarat,Rajkot,Ministry of Health & Family Welfare,Ayushman Bharat - Pradhan Mantri Jan Arogya Yojana,Centrally Sponsored (60:40),Gram Panchayat,92.03,62.91,61.96,98.49,89,89.0,100.0,4859,4866.0,100.14406256431366,Completed
2024-25,2023-06-01,Uttar Pradesh,Kanpur,Ministry of Health & Family Welfare,Ayushman Bharat - Pradhan Mantri Jan Arogya Yojana,Centrally Sponsored (60:40),NGO / Partner Organisation,170.08,87.74,0.0,0.0,315,0.0,0.0,1104,0.0,0.0,Not Started
2023-24,2023-04-20,Gujarat,Vadodara,Ministry of Health & Family Welfare,National Health Mission,Centrally Sponsored (60:40),District Panchayat / Zilla Parishad,517.51,266.49,259.59,97.41,230,108.0,46.95652173913044,2434,1045.0,42.93344289235826,Ongoing
2024-25,2021-09-08,Karnataka,Mangaluru,Ministry of Agriculture & Farmers Welfare,PM Kisan Samman Nidhi,Central Sector,Gram Panchayat,685.42,552.54,482.48,87.32,456,455.0,99.78070175438597,132,131.0,99.24242424242425,Completed
2021-22,2023-05-25,Tamil Nadu,Coimbatore,Ministry of Agriculture & Farmers Welfare,Pradhan Mantri Fasal Bima Yojana,Central Sector,District Panchayat / Zilla Parishad,684.47,345.7,261.06,75.52,286,171.0,59.79020979020979,2394,1427.0,59.60735171261488,Ongoing
2023-24,2023-03-18,Gujarat,Surat,Ministry of Rural Development,Mahatma Gandhi National Rural Employment Guarantee Scheme,Centrally Sponsored (60:40),Gram Panchayat,93.38,69.29,24.48,35.33,137,28.0,20.437956204379564,940,182.0,19.361702127659576,Ongoing
2021-22,2023-06-10,Kerala,Kozhikode,Ministry of Jal Shakti,Jal Jeevan Mission,Centrally Sponsored (90:10),District Panchayat / Zilla Parishad,450.12,229.16,72.63,31.69,9,6.0,66.66666666666666,2688,1758.0,65.40178571428571,Ongoing
2024-25,2024-02-17,Maharashtra,pune,Ministry of Agriculture & Farmers Welfare,PM Kisan Samman Nidhi,Central Sector,NGO / Partner Organisation,551.57,514.88,458.27,89.01,224,224.0,100.0,2443,2330.0,95.37453950061399,Completed
2022-23,2025-03-04,West Bengal, Siliguri,Ministry of Rural Development,Pradhan Mantri Gram Sadak Yojana,Centrally Sponsored (60:40),NGO / Partner Organisation,108.48,82.22,41.67,50.68,87,52.0,59.77011494252874,1986,1226.0,61.73212487411883,Ongoing
2023-24,2024-11-16,Karnataka,Belagavi,Ministry of Health & Family Welfare,National Health Mission,Centrally Sponsored (60:40),District Panchayat / Zilla Parishad,114.67,79.23,71.04,89.66,405,405.0,100.0,795,795.0,100.0,Completed
2024-25,2023-08-26,Gujarat,Rajkot ,Ministry of Health & Family Welfare,National Health Mission,Centrally Sponsored (60:40),District Panchayat / Zilla Parishad,686.01,625.5,0.0,0.0,438,0.0,0.0,2563,0.0,0.0,Not Started
2022-23,2024-01-20,Madhya Pradesh,Gwalior,Ministry of Agriculture & Farmers Welfare,Pradhan Mantri Fasal Bima Yojana,Central Sector,State Nodal Agency,45.72,27.46,25.38,92.43,452,294.0,65.04424778761062,1037,664.0,64.03085824493732,Ongoing
2023-24,2022-11-29,Karnataka,Mangaluru,Ministry of Rural Development,Mahatma Gandhi National Rural Employment Guarantee Scheme,Centrally Sponsored (60:40),District Panchayat / Zilla Parishad,270.45,225.45,165.34,73.34,487,409.0,83.9835728952772,839,690.0,82.24076281287248,Ongoing
2024-25,2024-03-13,Madhya Pradesh,bhopal,Ministry of Education,Samagra Shiksha Abhiyan,Centrally Sponsored (60:40),State Nodal Agency,608.99,346.32,336.89,97.28,231,231.0,100.0,3342,3279.0,98.1149012567325,Completed
2022-23,2021-04-26,Bihar,Patna,Ministry of Agriculture & Farmers Welfare,Pradhan Mantri Fasal Bima Yojana,Central Sector,Gram Panchayat,382.48,197.04,78.93,40.06,232,4.0,1.7241379310344827,912,14.0,1.5350877192982455,Ongoing
2024-25,2021-08-09,Bihar,Muzaffarpur,Ministry of Jal Shakti,Swachh Bharat Mission - Gramin,Centrally Sponsored (60:40),NGO / Partner Organisation,262.75,165.28,174.44,81.965,210,80.0,38.095238095238095,426,154.0,36.15023474178404,Delayed
2021-22,2021-08-23,Bihar,Darbhanga,Ministry of Jal Shakti,Jal Jeevan Mission,Centrally Sponsored (90:10),District Panchayat / Zilla Parishad,527.13,462.29,454.61,98.34,436,435.0,99.77064220183486,4844,4862.0,100.37159372419488,Completed
2022-23,2022-04-14,Madhya Pradesh, Gwalior,Ministry of Agriculture & Farmers Welfare,PM Kisan Samman Nidhi,Central Sector,Gram Panchayat,756.6,590.54,355.12,60.13,23,10.0,43.47826086956522,4677,1862.0,39.81184519991447,Delayed
2022-23,2024-07-26,Gujarat,Bhavnagar,Ministry of Rural Development,Pradhan Mantri Gram Sadak Yojana,Centrally Sponsored (60:40),NGO / Partner Organisation,179.32,112.42,109.34,97.26,443,380.0,85.77878103837472,2865,2233.0,77.94066317626528,Delayed
2023-24,2022-04-27,Tamil Nadu,Tiruchirappalli,Ministry of Agriculture & Farmers Welfare,PM Kisan Samman Nidhi,Central Sector,Urban Local Body (ULB),402.61,328.54,303.07,92.25,223,223.0,100.0,3826,3844.0,100.47046523784631,Completed
2022-23,2021-05-18,Karnataka,Hubballi,Ministry of Rural Development,Pradhan Mantri Awas Yojana - Gramin,Centrally Sponsored (60:40),Gram Panchayat,64.26,34.25,34.01,99.3,86,86.0,100.0,198,200.0,101.01010101010101,Completed
2023-24,2023-04-09,Maharashtra,Nagpur,Ministry of Jal Shakti,Swachh Bharat Mission - Gramin,Centrally Sponsored (60:40),Gram Panchayat,72.44,58.77,58.09,98.84,480,111.0,23.125,1920,441.0,22.96875,Ongoing
2022-23,2023-02-06,Madhya Pradesh,Jabalpur,Ministry of Education,Samagra Shiksha Abhiyan,Centrally Sponsored (60:40),Gram Panchayat,425.18,346.94,0.0,0.0,6,0.0,0.0,2744,0.0,0.0,Not Started
2024-25,2024-02-06,Bihar,gaya,Ministry of Rural Development,Mahatma Gandhi National Rural Employment Guarantee Scheme,Centrally Sponsored (60:40),State Nodal Agency,514.24,300.82,295.2,98.13,301,299.0,99.33554817275747,2742,2549.0,92.96134208606857,Completed
2023-24,2022-05-08,Uttar Pradesh,Varanasi,Ministry of Rural Development,Pradhan Mantri Gram Sadak Yojana,Centrally Sponsored (60:40),NGO / Partner Organisation,82.49,50.56,45.21,89.42,337,241.0,71.51335311572701,466,1202.0,257.9399141630901,Ongoing
2022-23,2024-11-29,Bihar,Gaya,Ministry of Health & Family Welfare,National Health Mission,Centrally Sponsored (60:40),Gram Panchayat,281.71,240.25,193.82,80.67,307,148.0,48.20846905537459,1050,528.0,50.28571428571429,Ongoing
2022-23,2022-09-18,West Bengal,Kolkata,Ministry of Rural Development,Mahatma Gandhi National Rural Employment Guarantee Scheme,Centrally Sponsored (60:40),Gram Panchayat,761.49,530.28,0.0,0.0,148,0.0,0.0,388,0.0,0.0,Not Started
2022-23,2024-05-19,Kerala,Thrissur,Ministry of Jal Shakti,Swachh Bharat Mission - Gramin,Centrally Sponsored (60:40),District Panchayat / Zilla Parishad,298.65,270.8,0.0,0.0,14,0.0,0.0,721,0.0,0.0,Not Started
2021-22,2021-08-25,Kerala, Kollam,Ministry of Health & Family Welfare,National Health Mission,Centrally Sponsored (60:40),State Nodal Agency,43.2,40.32,34.86,86.46,477,477.0,100.0,4045,4063.0,100.4449938195303,Completed
2022-23,2023-03-22,Gujarat, Vadodara,Ministry of Jal Shakti,Jal Jeevan Mission,Centrally Sponsored (90:10),Gram Panchayat,578.08,313.58,136.91,43.66,33,11.0,33.33333333333333,4454,1514.0,33.991917377638075,Ongoing
2024-25,2023-05-21,Kerala,Kollam,Ministry of Jal Shakti,Swachh Bharat Mission - Gramin,Centrally Sponsored (60:40),NGO / Partner Organisation,496.16,481.23,462.09,96.02,259,168.0,64.86486486486487,2210,1374.0,62.171945701357465,Ongoing
2021-22,2022-01-18,Madhya Pradesh,Jabalpur,Ministry of Health & Family Welfare,Ayushman Bharat - Pradhan Mantri Jan Arogya Yojana,Centrally Sponsored (60:40),State Nodal Agency,147.05,75.51,67.29,89.11,24,23.0,95.83333333333334,4891,4326.0,88.4481701083623,Completed
2024-25,2024-09-03,Bihar, Patna,Ministry of Agriculture & Farmers Welfare,Pradhan Mantri Fasal Bima Yojana,Central Sector,NGO / Partner Organisation,148.25,89.22,58.6,65.68,64,39.0,60.9375,4849,2945.0,60.73417199422562,Ongoing
2021-22,2022-09-12,Karnataka,Belagavi,Ministry of Rural Development,Mahatma Gandhi National Rural Employment Guarantee Scheme,Centrally Sponsored (60:40),State Nodal Agency,101.89,98.65,31.54,31.97,387,272.0,70.28423772609818,243,167.0,68.72427983539094,Ongoing
2024-25,2024-11-12,Gujarat,Bhavnagar ,Ministry of Education,Samagra Shiksha Abhiyan,Centrally Sponsored (60:40),NGO / Partner Organisation,222.06,122.99,100.89,82.03,178,158.0,88.76404494382022,3363,2693.0,80.07731192387749,Ongoing
2022-23,2021-11-09,Bihar,Darbhanga,Ministry of Rural Development,Mahatma Gandhi National Rural Employment Guarantee Scheme,Centrally Sponsored (60:40),Gram Panchayat,295.17,199.37,174.44,81.965,317,259.0,81.70347003154575,206,171.0,83.00970873786407,Delayed
2024-25,2023-04-25,Karnataka,hubballi,Ministry of Rural Development,Pradhan Mantri Awas Yojana - Gramin,Centrally Sponsored (60:40),District Panchayat / Zilla Parishad,61.51,46.58,45.54,97.77,462,460.0,99.56709956709958,948,852.0,89.87341772151899,Completed
2023-24,2023-10-22,Uttar Pradesh,Lucknow,Ministry of Rural Development,Pradhan Mantri Gram Sadak Yojana,Centrally Sponsored (60:40),Urban Local Body (ULB),648.33,563.82,174.44,81.965,315,282.0,89.52380952380953,3213,2661.0,82.81979458450047,Delayed
2023-24,2022-10-27,Rajasthan,Jaipur,Ministry of Jal Shakti,Swachh Bharat Mission - Gramin,Centrally Sponsored (60:40),NGO / Partner Organisation,143.57,98.39,0.0,0.0,59,0.0,0.0,92,0.0,0.0,Not Started
2023-24,2022-02-09,Maharashtra,Pune,Ministry of Jal Shakti,Jal Jeevan Mission,Centrally Sponsored (90:10),District Panchayat / Zilla Parishad,616.63,571.39,287.03,50.23,261,213.0,81.60919540229885,4930,4141.0,83.99594320486815,Ongoing
2023-24,2022-11-02,Uttar Pradesh,Agra,Ministry of Education,Samagra Shiksha Abhiyan,Centrally Sponsored (60:40),Gram Panchayat,303.09,235.29,225.85,95.99,189,188.0,99.47089947089947,431,412.0,95.59164733178655,Completed
2022-23,2021-06-16,Tamil Nadu,Chennai ,Ministry of Agriculture & Farmers Welfare,PM Kisan Samman Nidhi,Central Sector,Gram Panchayat,268.79,258.04,117.6,45.57,390,23.0,5.897435897435897,2620,153.0,5.8396946564885495,Ongoing
2024-25,2024-03-12,Kerala,Thrissur ,Ministry of Jal Shakti,Swachh Bharat Mission - Gramin,Centrally Sponsored (60:40),Gram Panchayat,411.36,245.43,227.2,92.57,317,316.0,99.6845425867508,2841,2573.0,90.5667018655403,Completed
2021-22,2024-05-20,Tamil Nadu,Madurai,Ministry of Rural Development,Pradhan Mantri Awas Yojana - Gramin,Centrally Sponsored (60:40),State Nodal Agency,183.98,116.86,38.22,32.71,269,127.0,47.21189591078067,3757,1668.0,44.3971253659835,Ongoing
2023-24,2023-03-01,Bihar,Patna,Ministry of Education,Samagra Shiksha Abhiyan,Centrally Sponsored (60:40),District Panchayat / Zilla Parishad,238.79,148.87,129.54,87.02,42,14.0,33.33333333333333,2773,863.0,31.121529029931484,Ongoing
2022-23,2022-07-21,Maharashtra,Kolhapur,Ministry of Jal Shakti,Jal Jeevan Mission,Centrally Sponsored (90:10),State Nodal Agency,173.19,161.54,174.44,81.965,51,30.0,58.82352941176471,1806,1011.0,55.98006644518272,Delayed
2023-24,2021-08-21,Rajasthan, Jaipur,Ministry of Jal Shakti,Jal Jeevan Mission,Centrally Sponsored (90:10),Urban Local Body (ULB),460.98,323.08,200.14,61.95,236,78.0,33.05084745762712,2882,908.0,31.5058986814712,Delayed
2022-23,2022-08-05,Bihar,Bhagalpur,Ministry of Education,PM Poshan (Mid-Day Meal Scheme),Centrally Sponsored (60:40),District Panchayat / Zilla Parishad,246.54,217.01,202.76,93.43,265,212.0,80.0,2246,1714.0,76.31344612644702,Delayed
2022-23,2025-03-12,Kerala,Kozhikode ,Ministry of Rural Development,Pradhan Mantri Awas Yojana - Gramin,Centrally Sponsored (60:40),State Nodal Agency,501.85,291.94,200.97,68.84,259,112.0,43.24324324324324,3883,1707.0,43.96085500901365,Delayed
2021-22,2022-05-31,Kerala,Kozhikode,Ministry of Education,Samagra Shiksha Abhiyan,Centrally Sponsored (60:40),State Nodal Agency,29.2,25.99,22.47,86.46,305,305.0,100.0,2343,2345.0,100.08536064874095,Completed
2023-24,2023-05-16,Uttar Pradesh,Meerut,Ministry of Jal Shakti,Jal Jeevan Mission,Centrally Sponsored (90:10),District Panchayat / Zilla Parishad,543.23,344.62,156.66,45.46,291,14.0,4.810996563573884,1100,54.0,4.909090909090909,Delayed
2023-24,2025-01-29,Maharashtra,Aurangabad,Ministry of Rural Development,Pradhan Mantri Awas Yojana - Gramin,Centrally Sponsored (60:40),Urban Local Body (ULB),546.57,540.47,485.76,89.88,285,81.0,28.421052631578945,1793,466.0,25.989960959286112,Ongoing
2022-23,2024-04-03,West Bengal,Asansol,Ministry of Rural Development,Pradhan Mantri Awas Yojana - Gramin,Centrally Sponsored (60:40),Gram Panchayat,36.27,24.49,14.98,61.17,119,13.0,10.92436974789916,82,9.0,10.975609756097562,Ongoing
2024-25,2022-06-28,Karnataka,Bengaluru,Ministry of Jal Shakti,Swachh Bharat Mission - Gramin,Centrally Sponsored (60:40),District Panchayat / Zilla Parishad,186.53,108.22,94.4,87.23,181,179.0,98.89502762430939,2522,2492.0,98.81046788263284,Completed
2024-25,2021-12-18,Bihar, Gaya,Ministry of Jal Shakti,Swachh Bharat Mission - Gramin,Centrally Sponsored (60:40),Urban Local Body (ULB),326.13,305.21,278.88,91.37,270,269.0,99.62962962962963,4779,4773.0,99.87445072190835,Completed
2024-25,2024-02-09,Rajasthan,Kota,Ministry of Rural Development,Pradhan Mantri Gram Sadak Yojana,Centrally Sponsored (60:40),Gram Panchayat,699.34,583.68,523.7,89.72,201,200.0,99.50248756218906,3913,1202.0,30.718119090212113,Completed
2022-23,2023-08-13,Kerala,Kollam,Ministry of Jal Shakti,Jal Jeevan Mission,Centrally Sponsored (90:10),Gram Panchayat,747.32,695.1,174.44,81.965,492,295.0,59.959349593495936,1299,727.0,55.966127790608155,Ongoing
2023-24,2025-03-19,Kerala,thiruvananthapuram,Ministry of Jal Shakti,Jal Jeevan Mission,Centrally Sponsored (90:10),District Panchayat / Zilla Parishad,47.28,39.63,0.0,0.0,86,0.0,0.0,4490,0.0,0.0,Not Started
2023-24,2024-01-02,Gujarat,Rajkot,Ministry of Rural Development,Mahatma Gandhi National Rural Employment Guarantee Scheme,Centrally Sponsored (60:40),Gram Panchayat,571.58,364.52,247.44,67.88,87,85.0,97.70114942528735,3081,2953.0,95.8455047062642,Delayed
2024-25,2021-06-18,Uttar Pradesh,Meerut,Ministry of Rural Development,Mahatma Gandhi National Rural Employment Guarantee Scheme,Centrally Sponsored (60:40),Gram Panchayat,494.47,484.95,189.34,39.04,434,126.0,29.03225806451613,1364,363.0,26.61290322580645,Ongoing
2021-22,2022-04-20,Tamil Nadu,Coimbatore,Ministry of Rural Development,Mahatma Gandhi National Rural Employment Guarantee Scheme,Centrally Sponsored (60:40),State Nodal Agency,20.72,20.06,19.57,97.56,197,195.0,98.98477157360406,3354,3000.0,89.44543828264759,Completed
2022-23,2021-11-04,Tamil Nadu,Salem ,Ministry of Jal Shakti,Jal Jeevan Mission,Centrally Sponsored (90:10),State Nodal Agency,766.18,396.81,0.0,0.0,189,0.0,0.0,3240,0.0,0.0,Not Started
2023-24,2025-01-01,Uttar Pradesh,Meerut,Ministry of Agriculture & Farmers Welfare,Pradhan Mantri Fasal Bima Yojana,Central Sector,State Nodal Agency,102.21,97.52,58.6,60.09,382,24.0,6.282722513089005,723,46.0,6.36237897648686,Delayed
2022-23,2021-10-17,Gujarat,Rajkot,Ministry of Education,Samagra Shiksha Abhiyan,Centrally Sponsored (60:40),Urban Local Body (ULB),76.22,46.16,0.0,0.0,411,0.0,0.0,1676,0.0,0.0,Not Started
2022-23,2023-03-14,Rajasthan,Ajmer,Ministry of Health & Family Welfare,National Health Mission,Centrally Sponsored (60:40),State Nodal Agency,256.93,247.73,236.89,95.62,458,456.0,99.56331877729258,985,985.0,100.0,Completed
2024-25,2023-02-28,Gujarat, Rajkot,Ministry of Rural Development,Pradhan Mantri Awas Yojana - Gramin,Centrally Sponsored (60:40),Gram Panchayat,241.83,222.15,116.63,52.5,108,84.0,77.77777777777779,4297,3359.0,78.17081684896439,Delayed
2024-25,2023-07-07,Madhya Pradesh, Jabalpur,Ministry of Health & Family Welfare,Ayushman Bharat - Pradhan Mantri Jan Arogya Yojana,Centrally Sponsored (60:40),State Nodal Agency,458.62,249.02,229.95,92.34,362,360.0,99.4475138121547,2030,1202.0,59.21182266009852,Completed
2024-25,2024-06-13,Gujarat,Vadodara,Ministry of Jal Shakti,Swachh Bharat Mission - Gramin,Centrally Sponsored (60:40),District Panchayat / Zilla Parishad,268.44,245.83,236.84,96.34,78,57.0,73.07692307692307,1631,1087.0,66.64622930717351,Delayed
2024-25,2022-07-06,Bihar,Patna,Ministry of Agriculture & Farmers Welfare,PM Kisan Samman Nidhi,Central Sector,Gram Panchayat,730.36,376.3,357.82,95.09,336,336.0,100.0,4376,4212.0,96.25228519195612,Completed
2023-24,2021-11-11,Kerala,Thiruvananthapuram,Ministry of Rural Development,Mahatma Gandhi National Rural Employment Guarantee Scheme,Centrally Sponsored (60:40),Urban Local Body (ULB),326.42,216.11,125.45,58.05,196,29.0,14.795918367346939,2775,416.0,14.99099099099099,Ongoing
2024-25,2022-02-09,Kerala,Thrissur,Ministry of Education,PM Poshan (Mid-Day Meal Scheme),Centrally Sponsored (60:40),State Nodal Agency,361.63,313.29,174.44,81.965,223,50.0,22.421524663677133,3938,847.0,21.508379888268156,Ongoing
2024-25,2021-08-03,Gujarat,Surat,Ministry of Agriculture & Farmers Welfare,Pradhan Mantri Fasal Bima Yojana,Central Sector,State Nodal Agency,152.94,85.41,0.0,0.0,300,0.0,0.0,3911,0.0,0.0,Not Started
2023-24,2022-04-04,Gujarat,bhavnagar,Ministry of Education,Samagra Shiksha Abhiyan,Centrally Sponsored (60:40),Gram Panchayat,651.95,566.58,381.63,67.36,155,89.0,57.41935483870968,901,499.0,55.38290788013318,Delayed
2023-24,2021-11-03,Gujarat,Rajkot,Ministry of Health & Family Welfare,National Health Mission,Centrally Sponsored (60:40),State Nodal Agency,514.44,479.61,430.9,89.84,269,268.0,99.62825278810409,3974,3976.0,100.0503271263211,Completed
2021-22,2021-12-14,Kerala,kollam,Ministry of Health & Family Welfare,National Health Mission,Centrally Sponsored (60:40),District Panchayat / Zilla Parishad,133.79,100.01,98.22,98.21,89,88.0,98.87640449438202,4549,4435.0,97.49395471532205,Completed
2024-25,2022-04-11,Bihar, Gaya,Ministry of Health & Family Welfare,Ayushman Bharat - Pradhan Mantri Jan Arogya Yojana,Centrally Sponsored (60:40),NGO / Partner Organisation,294.46,198.88,177.06,89.03,245,244.0,99.59183673469387,233,225.0,96.56652360515021,Completed
2023-24,2023-01-08,Madhya Pradesh,Jabalpur ,Ministry of Agriculture & Farmers Welfare,PM Kisan Samman Nidhi,Central Sector,District Panchayat / Zilla Parishad,646.98,366.29,0.0,0.0,256,0.0,0.0,4083,0.0,0.0,Not Started
2022-23,2021-11-05,Bihar,Darbhanga,Ministry of Health & Family Welfare,Ayushman Bharat - Pradhan Mantri Jan Arogya Yojana,Centrally Sponsored (60:40),State Nodal Agency,479.48,411.32,401.8,97.69,183,172.0,93.98907103825137,4124,3832.0,92.91949563530552,Ongoing
2024-25,2024-09-23,Gujarat,Surat,Ministry of Agriculture & Farmers Welfare,Pradhan Mantri Fasal Bima Yojana,Central Sector,District Panchayat / Zilla Parishad,59.61,52.09,48.58,93.26,275,274.0,99.63636363636364,4818,4504.0,93.48277293482774,Completed
2024-25,2024-04-02,Bihar, Patna,Ministry of Education,PM Poshan (Mid-Day Meal Scheme),Centrally Sponsored (60:40),NGO / Partner Organisation,570.38,371.87,355.83,95.69,473,188.0,39.74630021141649,4665,1707.0,36.59163987138264,Delayed
2024-25,2022-12-30,Rajasthan, Jodhpur,Ministry of Jal Shakti,Jal Jeevan Mission,Centrally Sponsored (90:10),Urban Local Body (ULB),778.68,485.65,289.66,59.64,179,177.0,98.88268156424581,3909,3912.0,100.07674597083653,Delayed
2022-23,2024-12-04,Gujarat,Ahmedabad,Ministry of Jal Shakti,Jal Jeevan Mission,Centrally Sponsored (90:10),State Nodal Agency,754.49,378.35,371.91,98.3,265,263.0,99.24528301886792,1309,1309.0,100.0,Completed
2022-23,2024-03-10,West Bengal,Howrah,Ministry of Jal Shakti,Jal Jeevan Mission,Centrally Sponsored (90:10),NGO / Partner Organisation,346.8,207.24,202.87,97.89,370,47.0,12.702702702702704,908,106.0,11.674008810572687,Ongoing
2023-24,2021-08-18,Uttar Pradesh,Kanpur,Ministry of Education,PM Poshan (Mid-Day Meal Scheme),Centrally Sponsored (60:40),State Nodal Agency,489.09,293.84,267.7,91.1,499,497.0,99.59919839679358,4313,4080.0,94.5977277996754,Completed
2023-24,2023-08-31,Uttar Pradesh,Kanpur,Ministry of Education,Samagra Shiksha Abhiyan,Centrally Sponsored (60:40),District Panchayat / Zilla Parishad,184.97,146.13,134.75,92.21,309,307.0,99.35275080906149,3085,3092.0,100.22690437601295,Completed
2022-23,2023-02-04,Bihar,Muzaffarpur ,Ministry of Rural Development,Mahatma Gandhi National Rural Employment Guarantee Scheme,Centrally Sponsored (60:40),Gram Panchayat,385.17,215.24,211.82,98.41,109,109.0,100.0,517,523.0,101.1605415860735,Completed
2023-24,2024-01-31,Maharashtra,Nashik,Ministry of Jal Shakti,Swachh Bharat Mission - Gramin,Centrally Sponsored (60:40),District Panchayat / Zilla Parishad,615.35,599.77,568.11,94.72,496,356.0,71.7741935483871,4785,3416.0,71.38975966562174,Ongoing
2021-22,2021-06-20,Uttar Pradesh,Meerut,Ministry of Rural Development,Pradhan Mantri Awas Yojana - Gramin,Centrally Sponsored (60:40),Gram Panchayat,166.07,128.12,111.93,87.36,230,3.0,1.3043478260869565,753,10.0,1.3280212483399734,Ongoing
2023-24,2024-08-19,Kerala,Kozhikode,Ministry of Jal Shakti,Swachh Bharat Mission - Gramin,Centrally Sponsored (60:40),District Panchayat / Zilla Parishad,407.76,287.64,214.08,74.43,284,145.0,51.056338028169016,4994,2358.0,47.21665999199039,Delayed
2022-23,2024-08-26,Gujarat,Ahmedabad ,Ministry of Agriculture & Farmers Welfare,PM Kisan Samman Nidhi,Central Sector,Gram Panchayat,358.01,253.96,174.44,81.965,190,129.0,67.89473684210526,1915,0.0,0.0,Not Started
2023-24,2025-03-15,Madhya Pradesh,Bhopal,Ministry of Health & Family Welfare,National Health Mission,Centrally Sponsored (60:40),Gram Panchayat,153.69,116.9,0.0,0.0,285,0.0,0.0,2694,0.0,0.0,Not Started
2022-23,2021-04-16,Kerala,Kochi,Ministry of Jal Shakti,Jal Jeevan Mission,Centrally Sponsored (90:10),Urban Local Body (ULB),759.4,615.3,209.27,34.01,123,17.0,13.821138211382115,4263,589.0,13.816561107201503,Delayed
2024-25,2023-10-21,Karnataka,Mysuru ,Ministry of Jal Shakti,Swachh Bharat Mission - Gramin,Centrally Sponsored (60:40),District Panchayat / Zilla Parishad,385.41,358.5,206.05,57.48,435,298.0,68.50574712643677,4670,2945.0,63.062098501070665,Delayed
2021-22,2023-01-26,West Bengal,Asansol,Ministry of Rural Development,Mahatma Gandhi National Rural Employment Guarantee Scheme,Centrally Sponsored (60:40),State Nodal Agency,747.62,536.2,319.88,59.66,208,154.0,74.03846153846155,579,427.0,73.74784110535406,Delayed
2021-22,2024-06-14,Bihar,patna,Ministry of Education,Samagra Shiksha Abhiyan,Centrally Sponsored (60:40),District Panchayat / Zilla Parishad,430.02,349.07,285.48,81.78,377,334.0,88.59416445623343,4866,4482.0,92.10850801479656,Delayed
2024-25,2022-06-21,Maharashtra,Pune ,Ministry of Jal Shakti,Jal Jeevan Mission,Centrally Sponsored (90:10),State Nodal Agency,609.85,405.98,144.8,35.67,483,434.0,89.85507246376811,4146,3664.0,88.374336710082,Ongoing
2024-25,2023-08-25,Bihar,Muzaffarpur,Ministry of Agriculture & Farmers Welfare,Pradhan Mantri Fasal Bima Yojana,Central Sector,NGO / Partner Organisation,615.34,420.23,398.47,94.82,171,169.0,98.83040935672514,3155,2978.0,94.38985736925515,Completed
2021-22,2022-02-07,Gujarat,Surat,Ministry of Health & Family Welfare,National Health Mission,Centrally Sponsored (60:40),Urban Local Body (ULB),366.24,290.72,259.65,89.31,209,208.0,99.52153110047847,2751,2478.0,90.07633587786259,Completed
2021-22,2025-03-21,Rajasthan, Udaipur,Ministry of Rural Development,Pradhan Mantri Awas Yojana - Gramin,Centrally Sponsored (60:40),Urban Local Body (ULB),626.42,328.34,326.19,99.35,203,202.0,99.50738916256158,4096,3859.0,94.2138671875,Completed
2024-25,2023-11-06,Karnataka, Mangaluru,Ministry of Agriculture & Farmers Welfare,Pradhan Mantri Fasal Bima Yojana,Central Sector,Gram Panchayat,165.72,117.45,106.26,90.47,461,449.0,97.39696312364426,848,1202.0,141.74528301886792,Ongoing
2022-23,2023-05-23,Gujarat, Bhavnagar,Ministry of Agriculture & Farmers Welfare,PM Kisan Samman Nidhi,Central Sector,Gram Panchayat,120.4,89.41,44.18,49.41,382,88.0,23.036649214659686,3523,787.0,22.338915696849277,Ongoing
2022-23,2021-08-06,Karnataka, Hubballi,Ministry of Education,PM Poshan (Mid-Day Meal Scheme),Centrally Sponsored (60:40),Gram Panchayat,401.54,223.77,195.2,87.23,111,111.0,100.0,3282,2986.0,90.98110907982937,Completed
2023-24,2023-11-27,Madhya Pradesh,Jabalpur ,Ministry of Education,PM Poshan (Mid-Day Meal Scheme),Centrally Sponsored (60:40),District Panchayat / Zilla Parishad,210.23,187.96,174.44,81.965,482,0.0,0.0,4895,0.0,0.0,Not Started
2022-23,2021-06-10,Gujarat,Bhavnagar,Ministry of Jal Shakti,Swachh Bharat Mission - Gramin,Centrally Sponsored (60:40),District Panchayat / Zilla Parishad,249.04,146.1,0.0,0.0,324,0.0,0.0,1289,1202.0,93.25058184639255,Not Started
2021-22,2024-11-20,Maharashtra,Nagpur ,Ministry of Agriculture & Farmers Welfare,Pradhan Mantri Fasal Bima Yojana,Central Sector,Urban Local Body (ULB),372.79,257.26,220.35,85.65,104,102.0,98.07692307692307,4617,4618.0,100.02165908598657,Completed
2023-24,2024-12-23,Madhya Pradesh,Jabalpur,Ministry of Education,PM Poshan (Mid-Day Meal Scheme),Centrally Sponsored (60:40),Urban Local Body (ULB),634.39,486.95,355.61,73.03,169,161.0,95.26627218934911,4149,3583.0,86.3581585924319,Ongoing
2022-23,2024-10-04,Uttar Pradesh,Varanasi,Ministry of Agriculture & Farmers Welfare,PM Kisan Samman Nidhi,Central Sector,Gram Panchayat,460.44,254.71,224.82,88.27,55,53.0,96.36363636363636,3961,3768.0,95.12749305730877,Completed
2023-24,2022-07-11,Uttar Pradesh,Varanasi,Ministry of Jal Shakti,Jal Jeevan Mission,Centrally Sponsored (90:10),State Nodal Agency,402.15,217.28,174.44,81.965,372,228.0,61.29032258064516,370,208.0,56.21621621621622,Ongoing
2022-23,2022-07-15,Karnataka,Mysuru,Ministry of Education,Samagra Shiksha Abhiyan,Centrally Sponsored (60:40),Urban Local Body (ULB),252.18,168.64,128.41,76.14,303,8.0,2.6402640264026402,703,19.0,2.7027027027027026,Delayed
2021-22,2022-08-12,Tamil Nadu,Madurai,Ministry of Health & Family Welfare,National Health Mission,Centrally Sponsored (60:40),Gram Panchayat,633.83,543.19,0.0,0.0,126,0.0,0.0,1456,0.0,0.0,Not Started
2023-24,2022-12-03,Gujarat, Bhavnagar,Ministry of Rural Development,Mahatma Gandhi National Rural Employment Guarantee Scheme,Centrally Sponsored (60:40),Urban Local Body (ULB),67.31,38.56,0.0,0.0,365,0.0,0.0,1623,0.0,0.0,Not Started
2022-23,2021-10-12,Rajasthan,Kota,Ministry of Jal Shakti,Swachh Bharat Mission - Gramin,Centrally Sponsored (60:40),State Nodal Agency,543.23,362.5,322.43,88.95,252,252.0,100.0,4972,4819.0,96.92276749798874,Completed
2023-24,2021-11-28,Maharashtra,Nagpur,Ministry of Rural Development,Pradhan Mantri Awas Yojana - Gramin,Centrally Sponsored (60:40),Gram Panchayat,606.74,406.58,0.0,0.0,434,0.0,0.0,3437,0.0,0.0,Not Started
2024-25,2024-02-29,Bihar,muzaffarpur,Ministry of Health & Family Welfare,National Health Mission,Centrally Sponsored (60:40),Gram Panchayat,666.32,417.37,174.44,81.965,470,0.0,0.0,1238,0.0,0.0,Not Started
2023-24,2023-09-04,Bihar,Patna,Ministry of Jal Shakti,Swachh Bharat Mission - Gramin,Centrally Sponsored (60:40),Gram Panchayat,587.39,325.13,297.41,91.47,231,230.0,99.56709956709958,1181,1095.0,92.71803556308214,Completed
2022-23,2023-02-28,Karnataka,Mysuru,Ministry of Rural Development,Pradhan Mantri Gram Sadak Yojana,Centrally Sponsored (60:40),State Nodal Agency,789.05,703.26,525.68,74.75,279,88.0,31.54121863799283,3065,1202.0,39.216965742251226,Ongoing
2024-25,2022-08-08,Maharashtra,nashik,Ministry of Health & Family Welfare,National Health Mission,Centrally Sponsored (60:40),Gram Panchayat,605.32,505.14,316.94,62.74,379,349.0,92.0844327176781,3038,2674.0,88.0184331797235,Ongoing
2021-22,2024-09-06,Gujarat, Vadodara,Ministry of Rural Development,Mahatma Gandhi National Rural Employment Guarantee Scheme,Centrally Sponsored (60:40),Urban Local Body (ULB),124.67,123.43,0.0,0.0,35,0.0,0.0,2122,0.0,0.0,Not Started
2023-24,2024-05-15,West Bengal,Siliguri,Ministry of Rural Development,Pradhan Mantri Gram Sadak Yojana,Centrally Sponsored (60:40),Gram Panchayat,74.61,47.43,37.74,79.57,204,139.0,68.13725490196079,1807,1228.0,67.9579413392363,Ongoing
2024-25,2023-05-16,Gujarat,Vadodara,Ministry of Education,Samagra Shiksha Abhiyan,Centrally Sponsored (60:40),District Panchayat / Zilla Parishad,270.75,262.85,0.0,0.0,393,0.0,0.0,2582,0.0,0.0,Not Started
2023-24,2022-11-26,Bihar,Darbhanga,Ministry of Agriculture & Farmers Welfare,PM Kisan Samman Nidhi,Central Sector,District Panchayat / Zilla Parishad,54.07,29.65,29.62,99.9,120,120.0,100.0,2766,2754.0,99.56616052060737,Completed
2024-25,2021-07-08,Bihar,Bhagalpur,Ministry of Jal Shakti,Swachh Bharat Mission - Gramin,Centrally Sponsored (60:40),District Panchayat / Zilla Parishad,609.88,514.33,230.29,44.77,34,4.0,11.76470588235294,4405,495.0,11.237230419977298,Ongoing
2024-25,2024-01-13,West Bengal,Asansol,Ministry of Education,Samagra Shiksha Abhiyan,Centrally Sponsored (60:40),NGO / Partner Organisation,322.64,314.2,205.36,65.36,55,31.0,56.36363636363636,2552,1429.0,55.99529780564263,Ongoing
2022-23,2024-06-27,Bihar,Bhagalpur,Ministry of Rural Development,Pradhan Mantri Gram Sadak Yojana,Centrally Sponsored (60:40),Gram Panchayat,631.4,369.29,325.55,88.16,343,341.0,99.41690962099126,2357,2290.0,97.15740347899873,Completed
2021-22,2022-04-07,West Bengal,Asansol,Ministry of Rural Development,Mahatma Gandhi National Rural Employment Guarantee Scheme,Centrally Sponsored (60:40),District Panchayat / Zilla Parishad,388.19,262.99,120.85,45.95,264,249.0,94.31818181818183,1688,1467.0,86.90758293838863,Ongoing
2023-24,2024-02-28,Rajasthan,Ajmer,Ministry of Health & Family Welfare,National Health Mission,Centrally Sponsored (60:40),Urban Local Body (ULB),149.5,84.09,81.3,96.68,494,492.0,99.59514170040485,3613,3614.0,100.02767783005812,Completed
2022-23,2024-04-04,Tamil Nadu,Madurai,Ministry of Jal Shakti,Jal Jeevan Mission,Centrally Sponsored (90:10),NGO / Partner Organisation,795.06,705.86,632.42,89.6,403,402.0,99.75186104218362,3704,3712.0,100.21598272138228,Completed
2023-24,2024-07-23,Rajasthan,Kota,Ministry of Rural Development,Pradhan Mantri Awas Yojana - Gramin,Centrally Sponsored (60:40),District Panchayat / Zilla Parishad,76.2,48.33,31.41,64.99,73,48.0,65.75342465753424,441,277.0,62.81179138321995,Ongoing
2021-22,2023-09-18,Madhya Pradesh,Gwalior ,Ministry of Agriculture & Farmers Welfare,PM Kisan Samman Nidhi,Central Sector,NGO / Partner Organisation,81.98,57.57,52.91,91.91,355,353.0,99.43661971830986,2914,2910.0,99.8627316403569,Completed
2022-23,2023-11-08,West Bengal,howrah,Ministry of Agriculture & Farmers Welfare,PM Kisan Samman Nidhi,Central Sector,District Panchayat / Zilla Parishad,133.97,73.77,71.1,96.38,429,429.0,100.0,1918,1930.0,100.62565172054224,Completed
2023-24,2021-09-25,Tamil Nadu,Chennai,Ministry of Jal Shakti,Jal Jeevan Mission,Centrally Sponsored (90:10),Gram Panchayat,786.31,738.98,541.49,73.28,181,139.0,76.79558011049724,2774,2171.0,78.26243691420332,Ongoing
2022-23,2023-11-16,Rajasthan,Jodhpur ,Ministry of Rural Development,Pradhan Mantri Awas Yojana - Gramin,Centrally Sponsored (60:40),Gram Panchayat,701.93,653.03,0.0,0.0,262,0.0,0.0,753,0.0,0.0,Not Started
2023-24,2023-08-24,Maharashtra,Nashik,Ministry of Education,PM Poshan (Mid-Day Meal Scheme),Centrally Sponsored (60:40),Gram Panchayat,212.37,131.56,118.59,90.14,434,433.0,99.76958525345621,4155,3935.0,94.70517448856799,Completed
2023-24,2021-05-20,Karnataka,belagavi,Ministry of Rural Development,Pradhan Mantri Gram Sadak Yojana,Centrally Sponsored (60:40),Gram Panchayat,100.16,72.46,68.95,95.16,285,3.0,1.0526315789473684,2847,27.0,0.9483667017913594,Ongoing
2023-24,2024-11-23,Madhya Pradesh,Gwalior ,Ministry of Jal Shakti,Swachh Bharat Mission - Gramin,Centrally Sponsored (60:40),State Nodal Agency,182.37,163.71,84.79,51.79,233,210.0,90.12875536480686,137,115.0,83.94160583941606,Ongoing
2024-25,2021-10-21,West Bengal,Siliguri,Ministry of Agriculture & Farmers Welfare,PM Kisan Samman Nidhi,Central Sector,District Panchayat / Zilla Parishad,684.77,567.79,484.61,85.35,489,487.0,99.59100204498978,1584,1603.0,101.19949494949493,Completed
2023-24,2022-07-24,Maharashtra,Nashik,Ministry of Health & Family Welfare,Ayushman Bharat - Pradhan Mantri Jan Arogya Yojana,Centrally Sponsored (60:40),District Panchayat / Zilla Parishad,693.43,607.39,358.49,59.02,114,31.0,27.192982456140353,2941,740.0,25.161509690581436,Ongoing
2022-23,2024-08-13,Karnataka,Bengaluru ,Ministry of Agriculture & Farmers Welfare,Pradhan Mantri Fasal Bima Yojana,Central Sector,Gram Panchayat,23.96,17.7,8.6,48.59,81,57.0,70.37037037037037,4064,2989.0,73.5482283464567,Ongoing
2023-24,2024-12-25,Gujarat,Bhavnagar,Ministry of Rural Development,Pradhan Mantri Awas Yojana - Gramin,Centrally Sponsored (60:40),NGO / Partner Organisation,601.32,306.7,116.11,37.86,404,276.0,68.31683168316832,4915,3354.0,68.24008138351984,Delayed
2024-25,2021-09-05,Gujarat,Surat,Ministry of Education,Samagra Shiksha Abhiyan,Centrally Sponsored (60:40),Gram Panchayat,530.04,463.95,174.44,81.965,265,32.0,12.075471698113208,1552,177.0,11.404639175257731,Ongoing
2023-24,2021-06-08,Rajasthan,Jaipur,Ministry of Health & Family Welfare,National Health Mission,Centrally Sponsored (60:40),District Panchayat / Zilla Parishad,383.59,244.4,240.56,98.43,90,88.0,97.77777777777777,4671,4403.0,94.2624705630486,Completed
2021-22,2022-04-30,Uttar Pradesh,Kanpur,Ministry of Rural Development,Pradhan Mantri Awas Yojana - Gramin,Centrally Sponsored (60:40),Urban Local Body (ULB),613.59,560.79,427.94,76.31,283,136.0,48.0565371024735,4218,1828.0,43.33807491702228,Delayed
2024-25,2021-08-16,Uttar Pradesh,Kanpur,Ministry of Agriculture & Farmers Welfare,PM Kisan Samman Nidhi,Central Sector,Urban Local Body (ULB),91.18,71.97,51.03,70.9,211,69.0,32.70142180094787,2442,743.0,30.425880425880425,Ongoing
2021-22,2023-11-08,Karnataka,Mangaluru,Ministry of Rural Development,Pradhan Mantri Gram Sadak Yojana,Centrally Sponsored (60:40),NGO / Partner Organisation,395.85,307.21,281.83,91.74,244,244.0,100.0,1174,1189.0,101.27768313458263,Completed
2023-24,2023-05-31,Uttar Pradesh,varanasi,Ministry of Jal Shakti,Jal Jeevan Mission,Centrally Sponsored (90:10),Gram Panchayat,405.3,294.51,187.97,63.82,175,0.0,0.0,4762,0.0,0.0,Ongoing
2021-22,2021-05-02,Tamil Nadu,Chennai,Ministry of Agriculture & Farmers Welfare,Pradhan Mantri Fasal Bima Yojana,Central Sector,Gram Panchayat,622.21,427.0,376.36,88.14,155,135.0,87.09677419354838,4595,3938.0,85.7018498367791,Delayed
2024-25,2022-05-30,Karnataka,Belagavi,Ministry of Agriculture & Farmers Welfare,Pradhan Mantri Fasal Bima Yojana,Central Sector,District Panchayat / Zilla Parishad,488.2,316.64,281.55,88.92,113,53.0,46.902654867256636,990,425.0,42.92929292929293,Delayed
2023-24,2022-11-11,Karnataka,Hubballi,Ministry of Health & Family Welfare,National Health Mission,Centrally Sponsored (60:40),Gram Panchayat,650.13,370.15,144.04,38.91,316,67.0,21.202531645569618,3415,716.0,20.96632503660322,Delayed
2024-25,2024-12-24,Maharashtra,Kolhapur,Ministry of Agriculture & Farmers Welfare,Pradhan Mantri Fasal Bima Yojana,Central Sector,District Panchayat / Zilla Parishad,491.15,358.28,269.7,75.28,320,0.0,0.0,914,0.0,0.0,Ongoing
2024-25,2024-01-03,Maharashtra,Pune,Ministry of Health & Family Welfare,Ayushman Bharat - Pradhan Mantri Jan Arogya Yojana,Centrally Sponsored (60:40),District Panchayat / Zilla Parishad,349.75,224.71,117.94,52.49,404,272.0,67.32673267326733,1078,740.0,68.6456400742115,Ongoing
2023-24,2022-05-16,Karnataka,Mysuru,Ministry of Agriculture & Farmers Welfare,Pradhan Mantri Fasal Bima Yojana,Central Sector,Gram Panchayat,688.38,593.37,206.97,34.88,221,145.0,65.61085972850678,3366,2093.0,62.18062982768865,Delayed
2022-23,2021-09-11,Gujarat,Ahmedabad,Ministry of Education,PM Poshan (Mid-Day Meal Scheme),Centrally Sponsored (60:40),NGO / Partner Organisation,291.77,285.86,102.11,35.72,398,271.0,68.09045226130654,3662,2442.0,66.68487165483342,Ongoing
2023-24,2021-12-23,Uttar Pradesh,Varanasi,Ministry of Rural Development,Pradhan Mantri Awas Yojana - Gramin,Centrally Sponsored (60:40),Gram Panchayat,393.8,339.17,276.91,81.64,374,207.0,55.3475935828877,1726,932.0,53.99768250289687,Delayed
2023-24,2022-01-12,Uttar Pradesh,kanpur,Ministry of Agriculture & Farmers Welfare,PM Kisan Samman Nidhi,Central Sector,District Panchayat / Zilla Parishad,93.36,55.33,16.79,30.35,245,185.0,75.51020408163265,4362,3310.0,75.88262265016049,Ongoing
2021-22,2021-06-14,Rajasthan,Kota,Ministry of Rural Development,Pradhan Mantri Awas Yojana - Gramin,Centrally Sponsored (60:40),District Panchayat / Zilla Parishad,198.11,192.15,163.96,85.33,102,34.0,33.33333333333333,1883,637.0,33.82899628252788,Delayed
2022-23,2023-03-27,Madhya Pradesh,Gwalior,Ministry of Jal Shakti,Swachh Bharat Mission - Gramin,Centrally Sponsored (60:40),District Panchayat / Zilla Parishad,108.32,74.92,68.46,91.38,268,233.0,86.94029850746269,3783,3426.0,90.56304520222047,Ongoing
2021-22,2021-04-25,Kerala,Thrissur ,Ministry of Agriculture & Farmers Welfare,Pradhan Mantri Fasal Bima Yojana,Central Sector,Gram Panchayat,531.14,289.35,263.99,91.24,352,352.0,100.0,2265,2174.0,95.9823399558499,Completed
2023-24,2025-03-27,Gujarat,Bhavnagar,Ministry of Agriculture & Farmers Welfare,PM Kisan Samman Nidhi,Central Sector,Gram Panchayat,281.87,180.35,170.78,94.69,370,291.0,78.64864864864865,324,259.0,79.93827160493827,Ongoing
2023-24,2021-12-25,Kerala, Thrissur,Ministry of Agriculture & Farmers Welfare,Pradhan Mantri Fasal Bima Yojana,Central Sector,Urban Local Body (ULB),494.51,376.75,356.36,94.59,45,129.0,286.6666666666667,798,733.0,91.8546365914787,Completed
2024-25,2024-07-01,Rajasthan,Kota ,Ministry of Rural Development,Pradhan Mantri Awas Yojana - Gramin,Centrally Sponsored (60:40),Urban Local Body (ULB),320.37,281.62,189.69,67.36,208,4.0,1.9230769230769231,3781,70.0,1.8513620735255223,Ongoing
2023-24,2023-03-17,Karnataka, Hubballi,Ministry of Health & Family Welfare,National Health Mission,Centrally Sponsored (60:40),State Nodal Agency,20.86,10.97,6.81,62.08,448,301.0,67.1875,4502,3089.0,68.61394935584185,Ongoing
2024-25,2024-01-09,Uttar Pradesh,Kanpur,Ministry of Health & Family Welfare,Ayushman Bharat - Pradhan Mantri Jan Arogya Yojana,Centrally Sponsored (60:40),Gram Panchayat,31.84,31.67,28.83,91.03,49,49.0,100.0,2645,2604.0,98.44990548204159,Completed
2024-25,2022-03-17,Madhya Pradesh,ujjain,Ministry of Education,PM Poshan (Mid-Day Meal Scheme),Centrally Sponsored (60:40),Gram Panchayat,612.53,571.89,539.32,94.3,438,109.0,24.885844748858446,2335,583.0,24.967880085653103,Ongoing
2023-24,2024-02-21,Gujarat,Ahmedabad,Ministry of Rural Development,Pradhan Mantri Gram Sadak Yojana,Centrally Sponsored (60:40),Urban Local Body (ULB),279.47,271.99,0.0,0.0,404,0.0,0.0,613,0.0,0.0,Not Started
2021-22,2025-03-23,Maharashtra,aurangabad,Ministry of Health & Family Welfare,National Health Mission,Centrally Sponsored (60:40),State Nodal Agency,611.0,352.89,313.05,88.71,426,426.0,100.0,1639,1653.0,100.85417937766931,Completed
2021-22,2024-11-29,Uttar Pradesh,Varanasi,Ministry of Health & Family Welfare,Ayushman Bharat - Pradhan Mantri Jan Arogya Yojana,Centrally Sponsored (60:40),State Nodal Agency,380.94,240.38,83.42,34.7,158,51.0,32.278481012658226,3792,1125.0,29.667721518987346,Delayed
2024-25,2024-09-21,Uttar Pradesh,Agra,Ministry of Health & Family Welfare,National Health Mission,Centrally Sponsored (60:40),District Panchayat / Zilla Parishad,121.2,91.26,63.99,70.12,206,124.0,60.19417475728155,4604,1202.0,26.107732406602953,Ongoing
2022-23,2022-10-12,Bihar,Gaya,Ministry of Rural Development,Pradhan Mantri Gram Sadak Yojana,Centrally Sponsored (60:40),State Nodal Agency,335.12,297.92,296.68,99.58,310,310.0,100.0,407,388.0,95.33169533169533,Completed
2023-24,2021-04-20,Gujarat,Surat,Ministry of Agriculture & Farmers Welfare,PM Kisan Samman Nidhi,Central Sector,District Panchayat / Zilla Parishad,524.97,477.67,180.71,37.83,229,179.0,78.16593886462883,1959,1595.0,81.41909137314957,Delayed
2022-23,2023-06-30,Madhya Pradesh,gwalior,Ministry of Education,PM Poshan (Mid-Day Meal Scheme),Centrally Sponsored (60:40),Gram Panchayat,64.89,58.9,174.44,81.965,288,127.0,44.09722222222222,4972,2136.0,42.96057924376508,Ongoing
2022-23,2021-11-15,Maharashtra,Nashik ,Ministry of Agriculture & Farmers Welfare,PM Kisan Samman Nidhi,Central Sector,Urban Local Body (ULB),444.37,366.88,348.87,95.09,265,263.0,99.24528301886792,3225,3140.0,97.36434108527132,Completed
2021-22,2021-11-30,Tamil Nadu, Chennai,Ministry of Health & Family Welfare,National Health Mission,Centrally Sponsored (60:40),Gram Panchayat,240.49,198.32,0.0,0.0,169,0.0,0.0,2768,0.0,0.0,Not Started
2022-23,2021-04-16,Kerala, Kozhikode,Ministry of Rural Development,Mahatma Gandhi National Rural Employment Guarantee Scheme,Centrally Sponsored (60:40),District Panchayat / Zilla Parishad,321.96,280.4,0.0,0.0,468,0.0,0.0,4405,0.0,0.0,Not Started
2024-25,2023-04-20,Maharashtra,Aurangabad,Ministry of Rural Development,Mahatma Gandhi National Rural Employment Guarantee Scheme,Centrally Sponsored (60:40),District Panchayat / Zilla Parishad,210.58,150.15,112.72,75.07,254,31.0,12.204724409448819,603,71.0,11.774461028192372,Ongoing
2024-25,2023-08-03,Karnataka,Belagavi,Ministry of Rural Development,Pradhan Mantri Awas Yojana - Gramin,Centrally Sponsored (60:40),NGO / Partner Organisation,734.85,695.67,0.0,0.0,307,0.0,0.0,50,0.0,0.0,Not Started
2024-25,2023-06-21,Kerala,Kollam,Ministry of Health & Family Welfare,Ayushman Bharat - Pradhan Mantri Jan Arogya Yojana,Centrally Sponsored (60:40),Gram Panchayat,414.33,283.1,195.14,68.93,68,57.0,83.82352941176471,3197,2734.0,85.51767281826712,Delayed
2024-25,2021-09-19,West Bengal,Durgapur,Ministry of Education,PM Poshan (Mid-Day Meal Scheme),Centrally Sponsored (60:40),Gram Panchayat,350.21,315.09,174.44,81.965,17,15.0,88.23529411764706,3223,2627.0,81.50791188333851,Ongoing
2024-25,2021-11-01,Madhya Pradesh,Indore,Ministry of Agriculture & Farmers Welfare,PM Kisan Samman Nidhi,Central Sector,Gram Panchayat,704.53,567.5,519.95,91.62,268,268.0,100.0,2405,2285.0,95.01039501039502,Completed
2023-24,2024-10-01,West Bengal, Asansol,Ministry of Education,Samagra Shiksha Abhiyan,Centrally Sponsored (60:40),Urban Local Body (ULB),279.26,202.38,183.22,90.53,198,181.0,91.41414141414141,4134,3863.0,93.44460570875665,Ongoing
2021-22,2024-08-02,Uttar Pradesh,Lucknow,Ministry of Education,Samagra Shiksha Abhiyan,Centrally Sponsored (60:40),NGO / Partner Organisation,216.56,164.9,174.44,81.965,267,186.0,69.66292134831461,2081,1475.0,70.87938491110043,Ongoing
2023-24,2021-09-28,West Bengal,Durgapur,Ministry of Rural Development,Mahatma Gandhi National Rural Employment Guarantee Scheme,Centrally Sponsored (60:40),State Nodal Agency,371.1,297.38,257.64,86.64,446,444.0,99.55156950672645,1832,1666.0,90.93886462882097,Completed
2023-24,2023-12-14,Kerala,Kozhikode,Ministry of Jal Shakti,Swachh Bharat Mission - Gramin,Centrally Sponsored (60:40),District Panchayat / Zilla Parishad,732.22,381.81,328.31,85.99,272,129.0,47.42647058823529,578,284.0,49.13494809688581,Ongoing
2022-23,2021-11-08,West Bengal,Kolkata,Ministry of Education,PM Poshan (Mid-Day Meal Scheme),Centrally Sponsored (60:40),Urban Local Body (ULB),627.4,395.74,353.36,89.29,30,6.0,20.0,4930,1028.0,20.851926977687626,Delayed
2024-25,2024-03-16,West Bengal,howrah,Ministry of Rural Development,Mahatma Gandhi National Rural Employment Guarantee Scheme,Centrally Sponsored (60:40),District Panchayat / Zilla Parishad,659.75,376.66,229.89,61.03,470,129.0,27.4468085106383,4567,1490.0,32.62535581344427,Delayed
2023-24,2025-03-07,Madhya Pradesh,Bhopal,Ministry of Jal Shakti,Jal Jeevan Mission,Centrally Sponsored (90:10),Gram Panchayat,602.37,567.26,505.77,89.16,7,7.0,100.0,4774,4380.0,91.74696271470465,Completed
2022-23,2023-03-10,Uttar Pradesh,Varanasi,Ministry of Rural Development,Pradhan Mantri Awas Yojana - Gramin,Centrally Sponsored (60:40),Gram Panchayat,260.4,257.92,178.83,69.34,308,279.0,90.5844155844156,4775,4257.0,89.15183246073298,Ongoing
2023-24,2023-10-10,Kerala,Thrissur,Ministry of Health & Family Welfare,Ayushman Bharat - Pradhan Mantri Jan Arogya Yojana,Centrally Sponsored (60:40),State Nodal Agency,111.15,59.11,49.35,83.49,458,354.0,77.29257641921397,324,259.0,79.93827160493827,Delayed
2023-24,2022-12-27,Bihar, Darbhanga,Ministry of Jal Shakti,Jal Jeevan Mission,Centrally Sponsored (90:10),State Nodal Agency,412.3,275.55,150.35,54.56,80,31.0,38.75,1464,563.0,38.45628415300546,Ongoing
